{"type":"FeatureCollection","features":[{"type":"Feature","properties":{"uf":"AC","nome":"Acre"},"geometry":{"type":"MultiPolygon","coordinates":[[[[-73.608178,-7.201942],[-70.57532,-8.09556],[-67.496119,-9.524192],[-66.629792,-9.917826],[-66.650033,-9.945058],[-66.676078,-9.957493],[-66.7114,-9.97722],[-66.734544,-9.988717],[-66.771382,-10.012649],[-66.802052,-10.042908],[-66.844112,-10.084674],[-66.871334,-10.094367],[-66.895233,-10.110983],[-66.90993,-10.130824],[-66.927801,-10.145206],[-66.951274,-10.185746],[-66.995214,-10.202575],[-67.005087,-10.244462],[-67.04015,-10.262248],[-67.075302,-10.28325],[-67.130624,-10.292803],[-67.163071,-10.32989],[-67.217012,-10.323875],[-67.257179,-10.329802],[-67.294452,-10.324697],[-67.315586,-10.347277],[-67.334204,-10.379155],[-67.365659,-10.379624],[-67.412258,-10.380205],[-67.419289,-10.43026],[-67.462825,-10.459489],[-67.517944,-10.487039],[-67.567293,-10.49935],[-67.60795,-10.548151],[-67.652919,-10.608925],[-67.718828,-10.710082],[-67.74785,-10.696324],[-67.777004,-10.681143],[-67.810267,-10.661129],[-67.854319,-10.649025],[-67.887256,-10.640179],[-67.913297,-10.647963],[-67.961282,-10.650678],[-68.011945,-10.648561],[-68.046321,-10.669808],[-68.080983,-10.692427],[-68.107782,-10.724685],[-68.10517,-10.7619],[-68.125148,-10.79578],[-68.164795,-10.833884],[-68.196184,-10.86497],[-68.223429,-10.910898],[-68.24595,-10.960232],[-68.282985,-10.989835],[-68.336339,-11.007233],[-68.38779,-11.035528],[-68.425025,-11.039238],[-68.471117,-11.048693],[-68.525865,-11.088953],[-68.72872,-11.0977],[-68.759877,-11.056607],[-68.751294,-11.013095],[-68.783709,-11.002674],[-68.803949,-11.000754],[-68.842489,-10.993967],[-68.884266,-11.013444],[-68.921221,-11.014467],[-68.954554,-10.997619],[-68.989311,-11.01011],[-69.021783,-10.991468],[-69.047273,-10.979196],[-69.080305,-10.973331],[-69.120748,-10.975614],[-69.150105,-10.968491],[-69.189017,-10.948875],[-69.235479,-10.945135],[-69.274081,-10.94842],[-69.304425,-10.947731],[-69.343307,-10.952025],[-69.378057,-10.945398],[-69.397588,-10.938884],[-69.423511,-10.926513],[-69.461214,-10.948882],[-69.497918,-10.94472],[-69.546338,-10.951696],[-69.591631,-10.94522],[-69.644964,-10.954873],[-69.701062,-10.965957],[-69.746441,-10.961788],[-69.811324,-10.925274],[-69.859357,-10.932025],[-69.904697,-10.920919],[-69.946562,-10.924662],[-69.970674,-10.944849],[-69.996766,-10.957551],[-70.031948,-10.973828],[-70.057005,-10.985727],[-70.100141,-10.997724],[-70.123472,-11.012159],[-70.160587,-11.039568],[-70.215315,-11.051794],[-70.257963,-11.050597],[-70.292946,-11.06354],[-70.361225,-11.059238],[-70.404848,-11.046557],[-70.448968,-11.003321],[-70.492211,-10.963497],[-70.621576,-10.999458],[-70.622011,-9.930287],[-70.585814,-9.783408],[-70.536803,-9.758777],[-70.527768,-9.720926],[-70.56895,-9.66225],[-70.596915,-9.609222],[-70.593807,-9.566876],[-70.572795,-9.564289],[-70.569022,-9.533188],[-70.546605,-9.523307],[-70.514883,-9.493435],[-70.526751,-9.464835],[-70.503069,-9.443884],[-70.526186,-9.434583],[-70.549804,-9.431865],[-70.598158,-9.443492],[-70.616741,-9.473868],[-70.643778,-9.499222],[-70.680432,-9.528078],[-70.716494,-9.548737],[-70.750716,-9.568132],[-70.768581,-9.604883],[-70.797788,-9.635082],[-70.840012,-9.654557],[-70.881585,-9.681485],[-70.912987,-9.726079],[-70.971129,-9.752588],[-71.020153,-9.8153],[-71.074878,-9.826076],[-71.173071,-9.888149],[-71.239889,-9.965643],[-71.294413,-9.986483],[-71.364922,-9.985694],[-72.162156,-9.974125],[-72.153798,-9.897782],[-72.159184,-9.832412],[-72.177065,-9.782104],[-72.245121,-9.765609],[-72.265619,-9.713033],[-72.254904,-9.647375],[-72.288925,-9.600993],[-72.308849,-9.539243],[-72.352009,-9.502272],[-72.408949,-9.477051],[-72.451864,-9.478869],[-72.501316,-9.483215],[-72.540261,-9.467375],[-72.576713,-9.458626],[-72.608017,-9.451552],[-72.653465,-9.448212],[-72.689419,-9.435006],[-72.726019,-9.410624],[-73.210573,-9.411024],[-73.157212,-9.34385],[-73.100935,-9.298996],[-73.081772,-9.2392],[-73.019242,-9.21852],[-73.020279,-9.176937],[-72.943739,-9.092049],[-72.948132,-9.025657],[-72.96275,-8.98055],[-73.009075,-8.913809],[-73.053455,-8.857226],[-73.095748,-8.777237],[-73.14486,-8.693998],[-73.22499,-8.677669],[-73.263316,-8.614508],[-73.286847,-8.569304],[-73.279806,-8.47484],[-73.355949,-8.46778],[-73.406516,-8.41918],[-73.472358,-8.394482],[-73.52313,-8.359421],[-73.537123,-8.301524],[-73.560039,-8.23531],[-73.589582,-8.20719],[-73.634254,-8.061118],[-73.671155,-8.007156],[-73.71721,-7.959774],[-73.744323,-7.956351],[-73.770366,-7.896431],[-73.715249,-7.875108],[-73.686505,-7.824077],[-73.705126,-7.758321],[-73.778167,-7.725087],[-73.847467,-7.675696],[-73.895543,-7.627008],[-73.945224,-7.595281],[-73.987573,-7.554907],[-73.942991,-7.519419],[-73.958433,-7.377816],[-73.942158,-7.360949],[-73.866706,-7.377335],[-73.829428,-7.336158],[-73.767404,-7.331672],[-73.711707,-7.321699],[-73.712853,-7.246922],[-73.756464,-7.19098],[-73.796302,-7.132687],[-73.608178,-7.201942]]]]}},{"type":"Feature","properties":{"uf":"AL","nome":"Alagoas"},"geometry":{"type":"MultiPolygon","coordinates":[[[[-35.465161,-8.825492],[-35.399484,-8.84988],[-35.208573,-8.891331],[-35.168126,-8.936486],[-35.23097,-9.037199],[-35.256946,-9.089675],[-35.294486,-9.155256],[-35.324084,-9.209583],[-35.373698,-9.277594],[-35.420901,-9.315161],[-35.456755,-9.342132],[-35.497139,-9.419182],[-35.5284,-9.452152],[-35.571982,-9.498462],[-35.613901,-9.540649],[-35.664994,-9.590484],[-35.694346,-9.664304],[-35.76092,-9.683493],[-35.818632,-9.744621],[-35.881019,-9.827472],[-35.961956,-9.941063],[-36.043996,-10.068921],[-36.119706,-10.136438],[-36.173843,-10.176608],[-36.257761,-10.261449],[-36.295139,-10.351772],[-36.353475,-10.437576],[-36.420406,-10.44454],[-36.518854,-10.424265],[-36.571366,-10.318515],[-36.683107,-10.273346],[-36.810873,-10.218991],[-36.891173,-10.142166],[-36.944365,-10.089711],[-36.991601,-9.976776],[-37.228809,-9.897767],[-37.362402,-9.786457],[-37.664375,-9.668123],[-37.781553,-9.638227],[-37.841632,-9.579802],[-38.028259,-9.467619],[-38.132573,-9.439039],[-38.194063,-9.385127],[-38.156762,-9.252639],[-38.052681,-9.167585],[-37.963587,-9.119392],[-37.889353,-9.034389],[-37.845485,-8.983991],[-37.821627,-8.908625],[-37.775629,-8.862119],[-37.725233,-8.907574],[-37.691116,-8.978918],[-37.643234,-9.017872],[-37.529696,-8.962656],[-37.439555,-9.027746],[-37.310511,-9.10436],[-37.23875,-9.202903],[-37.158534,-9.238686],[-37.110957,-9.239946],[-37.02387,-9.315293],[-36.936344,-9.360791],[-36.874369,-9.276549],[-36.65896,-9.308326],[-36.622998,-9.32618],[-36.575642,-9.331454],[-36.487482,-9.243356],[-36.422856,-9.215238],[-36.365259,-9.222202],[-36.311876,-9.179492],[-36.255536,-9.181555],[-36.248535,-9.14157],[-36.212978,-9.07276],[-36.151265,-9.042269],[-36.126374,-8.98075],[-35.964717,-8.90247],[-35.899891,-8.86092],[-35.807421,-8.859962],[-35.782491,-8.897251],[-35.678261,-8.896448],[-35.596235,-8.860802],[-35.531289,-8.827051],[-35.480812,-8.82243],[-35.465161,-8.825492]],[[-35.290981,-9.148233],[-35.290981,-9.148233]]]]}},{"type":"Feature","properties":{"uf":"AM","nome":"Amazonas"},"geometry":{"type":"MultiPolygon","coordinates":[[[[-67.32553,2.030119],[-67.28329,1.884696],[-67.17377,1.857419],[-67.083327,1.648482],[-67.071758,1.443022],[-67.082283,1.203761],[-66.162768,0.756493],[-66.075737,0.768673],[-65.982734,0.806647],[-65.936033,0.882517],[-65.873477,0.92161],[-65.793276,0.954509],[-65.760478,0.98143],[-65.686034,0.991183],[-65.625885,1.001896],[-65.571609,0.985471],[-65.535825,0.94843],[-65.493079,0.882491],[-65.523578,0.824985],[-65.573444,0.761745],[-65.566955,0.686188],[-65.499922,0.672559],[-65.437875,0.700642],[-65.396887,0.750366],[-65.404645,0.819243],[-65.373054,0.864053],[-65.337186,0.909266],[-65.255692,0.925293],[-65.181275,0.923526],[-65.151356,0.996297],[-65.15471,1.051569],[-65.121965,1.13548],[-65.063038,1.12914],[-64.960222,1.190043],[-64.943003,1.216107],[-64.888,1.239795],[-64.819467,1.301988],[-64.745882,1.225626],[-64.704622,1.284213],[-64.634339,1.320594],[-64.573405,1.385925],[-64.51701,1.438963],[-64.437936,1.472257],[-64.367009,1.520896],[-64.376879,1.448625],[-64.38439,1.387822],[-64.329084,1.395321],[-64.301484,1.468551],[-64.260989,1.50029],[-64.179667,1.557687],[-64.125971,1.578903],[-64.08088,1.646817],[-64.064604,1.740291],[-64.06132,1.80583],[-64.069258,1.857024],[-64.052745,1.932606],[-63.98682,1.97951],[-63.934944,1.988378],[-63.870906,1.980751],[-63.823019,1.990315],[-63.768675,2.000734],[-63.693254,2.041399],[-63.646122,2.065908],[-63.600343,2.113972],[-63.508765,2.113959],[-63.446294,2.127355],[-63.393803,2.166083],[-63.262113,2.157358],[-63.085018,2.061746],[-62.720392,1.955034],[-62.771363,1.65978],[-62.735822,1.529943],[-62.621414,1.392431],[-62.489077,1.085098],[-62.461096,0.995225],[-62.463875,0.825091],[-62.527456,0.497513],[-62.455029,0.39203],[-62.438058,0.19522],[-62.354709,0.036321],[-62.321676,-0.070001],[-62.241455,-0.181338],[-62.253676,-0.279388],[-62.194787,-0.364114],[-62.223404,-0.415677],[-62.289789,-0.483831],[-62.308958,-0.546058],[-62.294015,-0.622047],[-62.332842,-0.670496],[-62.379538,-0.706409],[-62.428044,-0.69253],[-62.49832,-0.733643],[-62.447769,-0.809746],[-62.375816,-0.865865],[-62.313423,-0.925621],[-62.213033,-0.983357],[-62.134111,-1.036973],[-62.039147,-1.118076],[-61.908597,-1.348354],[-61.78968,-1.378635],[-61.54415,-1.525293],[-61.532483,-1.46474],[-61.618591,-1.394467],[-61.606711,-1.257952],[-61.573604,-1.145608],[-61.567203,-1.074196],[-61.560197,-0.987722],[-61.553683,-0.86041],[-61.472479,-0.68336],[-61.389977,-0.61725],[-61.227063,-0.561419],[-61.19803,-0.505589],[-61.091506,-0.499478],[-60.957758,-0.560026],[-60.915812,-0.610032],[-60.842758,-0.690306],[-60.768314,-0.754195],[-60.756215,-0.824504],[-60.707201,-0.865302],[-60.622194,-0.868024],[-60.54615,-0.869643],[-60.492275,-0.797737],[-60.418585,-0.763919],[-60.315353,-0.722866],[-60.319422,-0.636698],[-60.382757,-0.589747],[-60.390559,-0.493893],[-60.342751,-0.40141],[-60.302475,-0.303645],[-60.280414,-0.206293],[-60.22692,-0.128369],[-60.174674,0.000347],[-60.122995,0.081374],[-60.058551,0.163319],[-58.8862,-0.033998],[-58.880514,-0.196255],[-58.822292,-0.374732],[-58.743503,-0.417114],[-58.710027,-0.542495],[-58.718157,-0.637248],[-58.665998,-0.705018],[-58.590364,-0.773408],[-58.506304,-0.833623],[-58.435532,-0.883137],[-58.410229,-0.980975],[-58.392176,-1.039491],[-58.335749,-1.123344],[-58.187352,-1.202568],[-58.08145,-1.147176],[-57.970391,-1.173192],[-58.000421,-1.329842],[-57.95123,-1.405536],[-57.843539,-1.432616],[-57.790756,-1.490305],[-57.729354,-1.509604],[-57.668661,-1.588067],[-57.585391,-1.595878],[-57.498561,-1.653496],[-57.42706,-1.691462],[-57.392176,-1.722738],[-57.273124,-1.713016],[-57.221634,-1.723498],[-57.16439,-1.720534],[-57.097345,-1.774767],[-57.048345,-1.882302],[-56.956438,-1.956264],[-56.756931,-2.009762],[-56.760454,-2.173718],[-56.623925,-2.204144],[-56.556706,-2.162205],[-56.443675,-2.153584],[-56.316257,-2.139786],[-56.207139,-2.059642],[-56.097053,-2.036796],[-56.417967,-2.354849],[-56.407426,-2.449826],[-57.547571,-4.921233],[-58.339171,-6.548171],[-58.434032,-6.908436],[-58.287734,-7.061303],[-58.182799,-7.1779],[-58.222183,-7.523604],[-58.280461,-7.709248],[-58.354608,-7.943694],[-58.291544,-8.103701],[-58.321495,-8.231681],[-58.350596,-8.353692],[-58.401388,-8.46555],[-58.39071,-8.591863],[-58.325551,-8.719611],[-59.704376,-8.80128],[-61.622761,-8.757876],[-61.704825,-8.707149],[-61.762831,-8.729776],[-61.86049,-8.803234],[-61.904077,-8.869008],[-62.001734,-8.832317],[-62.148267,-8.717931],[-62.17611,-8.636544],[-62.293775,-8.605061],[-62.333802,-8.545816],[-62.360688,-8.423313],[-62.453236,-8.348797],[-62.525191,-8.377918],[-62.554929,-8.321984],[-62.584854,-8.271502],[-62.686133,-8.173399],[-62.712299,-8.080208],[-62.866087,-7.975496],[-63.666531,-8.094237],[-63.742594,-8.216285],[-63.835713,-8.300215],[-63.943788,-8.347249],[-63.965661,-8.50501],[-63.965087,-8.595549],[-64.007544,-8.644058],[-64.070764,-8.711537],[-64.147903,-8.829786],[-64.174506,-8.960189],[-64.379421,-8.946351],[-64.549626,-8.977888],[-64.670883,-9.014415],[-64.786811,-8.988069],[-64.932981,-9.119958],[-64.926057,-9.205081],[-64.95338,-9.276514],[-65.017894,-9.345061],[-65.053067,-9.401755],[-65.14853,-9.441598],[-65.196517,-9.367053],[-65.29184,-9.278284],[-65.439754,-9.311358],[-65.45035,-9.412139],[-65.502924,-9.46091],[-65.634321,-9.429308],[-65.701763,-9.518748],[-65.79108,-9.585253],[-65.846637,-9.520557],[-65.951204,-9.43587],[-66.059315,-9.417826],[-66.226215,-9.427203],[-66.314449,-9.43342],[-66.408458,-9.406552],[-66.496689,-9.625979],[-66.609064,-9.6645],[-66.774996,-9.752687],[-68.727521,-8.999689],[-72.004612,-7.77447],[-73.796145,-7.114988],[-73.725861,-7.017616],[-73.746155,-6.955391],[-73.739143,-6.90754],[-73.699356,-6.838701],[-73.650426,-6.777228],[-73.561569,-6.72056],[-73.486017,-6.670834],[-73.432169,-6.650871],[-73.361591,-6.601877],[-73.307245,-6.592777],[-73.234299,-6.577609],[-73.201973,-6.564128],[-73.183926,-6.53481],[-73.140495,-6.49049],[-73.121824,-6.431223],[-73.13652,-6.371133],[-73.155011,-6.323697],[-73.186726,-6.256271],[-73.222037,-6.211566],[-73.248932,-6.111781],[-73.223832,-6.023362],[-73.192561,-5.990806],[-73.174716,-5.923009],[-73.151062,-5.862853],[-73.103991,-5.822364],[-73.042603,-5.748622],[-73.000975,-5.711312],[-72.977661,-5.65882],[-72.966267,-5.592117],[-72.954314,-5.537843],[-72.950667,-5.443685],[-72.920501,-5.381256],[-72.890799,-5.327611],[-72.864146,-5.272622],[-72.868783,-5.199175],[-72.844685,-5.14787],[-72.776894,-5.100409],[-72.734267,-5.073283],[-72.673425,-5.05463],[-72.607143,-5.013843],[-72.552829,-4.962425],[-72.508283,-4.950419],[-72.467758,-4.92737],[-72.440384,-4.909349],[-72.386101,-4.871782],[-72.370975,-4.806778],[-72.299856,-4.776046],[-72.246743,-4.780145],[-72.184163,-4.741872],[-72.100341,-4.702058],[-72.041773,-4.643293],[-71.991922,-4.623054],[-71.947081,-4.584158],[-71.923461,-4.543092],[-71.888882,-4.520649],[-71.824166,-4.49884],[-71.751696,-4.49333],[-71.697156,-4.506402],[-71.63652,-4.496495],[-71.62587,-4.52505],[-71.542102,-4.475661],[-71.507102,-4.465432],[-71.449453,-4.45132],[-71.389144,-4.42893],[-71.319972,-4.444055],[-71.272445,-4.434074],[-71.229715,-4.397031],[-71.188602,-4.41437],[-71.153059,-4.382845],[-71.082338,-4.383573],[-71.023944,-4.385361],[-70.977864,-4.360228],[-70.926937,-4.359438],[-70.875523,-4.290477],[-70.830011,-4.239641],[-70.775322,-4.166127],[-70.700887,-4.187975],[-70.654369,-4.147918],[-70.632335,-4.187238],[-70.534012,-4.139407],[-70.481113,-4.168805],[-70.441393,-4.150094],[-70.366622,-4.161201],[-70.290764,-4.176236],[-70.302687,-4.27068],[-70.259023,-4.295984],[-70.207902,-4.338758],[-70.152055,-4.335078],[-70.141821,-4.282253],[-70.097337,-4.296103],[-70.043562,-4.351926],[-69.95574,-4.277787],[-69.837178,-3.685325],[-69.819771,-3.590713],[-69.612829,-2.438244],[-69.595879,-2.34488],[-69.542662,-2.051748],[-69.455595,-1.508],[-69.428687,-1.386383],[-69.418608,-1.266852],[-69.41278,-1.15726],[-69.425598,-1.059645],[-69.447117,-0.996803],[-69.493999,-0.946228],[-69.533383,-0.869793],[-69.586686,-0.792983],[-69.611518,-0.723241],[-69.583469,-0.674238],[-69.604525,-0.599542],[-69.612381,-0.524152],[-69.644559,-0.482563],[-69.707928,-0.45729],[-69.766773,-0.406918],[-69.807011,-0.384655],[-69.885875,-0.34543],[-69.944187,-0.302526],[-69.996776,-0.234317],[-70.041831,-0.113359],[-70.024782,0.553561],[-69.958266,0.559164],[-69.852421,0.584529],[-69.785146,0.596034],[-69.716629,0.640305],[-69.655826,0.666404],[-69.585522,0.662358],[-69.534266,0.70067],[-69.458565,0.715998],[-69.398873,0.65553],[-69.3412,0.627977],[-69.289708,0.614896],[-69.250597,0.606382],[-69.172814,0.653182],[-69.148422,0.706503],[-69.14653,0.791811],[-69.15222,0.854481],[-69.184211,0.915866],[-69.211661,0.992623],[-69.277142,1.067113],[-69.360497,1.088931],[-69.438988,1.072268],[-69.530822,1.080196],[-69.648662,1.095808],[-69.724047,1.119393],[-69.806648,1.071892],[-69.844014,1.575961],[-69.772012,1.724395],[-69.682926,1.747474],[-69.602245,1.764661],[-69.503111,1.773125],[-69.467776,1.762396],[-69.392957,1.732715],[-68.174563,1.761602],[-68.235956,1.77295],[-68.262882,1.861129],[-68.201397,1.961588],[-68.133274,1.979851],[-68.064685,1.898337],[-67.922177,1.851033],[-67.858874,1.920703],[-67.811607,1.977578],[-67.653713,2.020585],[-67.554573,2.121472],[-67.441231,2.22471],[-67.337998,2.125822],[-67.32553,2.030119]]]]}},{"type":"Feature","properties":{"uf":"AP","nome":"Amap\u00e1"},"geometry":{"type":"MultiPolygon","coordinates":[[[[-51.181678,4.008887],[-51.166295,3.936319],[-51.080681,3.892797],[-51.079436,3.807343],[-51.084628,3.737798],[-51.077486,3.574959],[-51.079477,3.459766],[-51.065434,3.331206],[-51.038138,3.254723],[-51.031422,3.157754],[-51.010495,3.040301],[-50.978564,2.934609],[-50.941787,2.80382],[-50.895363,2.75405],[-50.847932,2.643404],[-50.833951,2.520624],[-50.829034,2.498238],[-50.782712,2.476675],[-50.756791,2.378859],[-50.74213,2.311601],[-50.712388,2.234674],[-50.701815,2.144253],[-50.493491,2.204629],[-50.421986,2.180154],[-50.376521,2.111986],[-50.347155,2.051023],[-50.307263,1.972937],[-50.146028,1.806483],[-49.914603,1.695828],[-49.896823,1.631828],[-49.877129,1.487424],[-49.881583,1.390989],[-49.905896,1.307081],[-49.894661,1.190501],[-49.942218,1.113003],[-49.956487,0.972684],[-50.041897,0.856814],[-50.054858,0.833356],[-50.068716,0.79561],[-50.314182,0.678304],[-50.555692,0.307038],[-50.974389,0.042104],[-51.103536,-0.091588],[-51.350653,-0.308743],[-51.571179,-0.622809],[-51.68518,-1.012536],[-51.925489,-1.131984],[-51.974516,-1.120285],[-52.062771,-1.190653],[-52.119791,-1.145867],[-52.332516,-1.115558],[-52.42153,-1.032412],[-52.400822,-0.887192],[-52.506497,-0.853785],[-52.501353,-0.746434],[-52.528704,-0.581252],[-52.676647,-0.51895],[-52.695477,-0.371676],[-52.844292,-0.159404],[-52.965042,-0.052843],[-53.024532,0.102771],[-53.093815,0.195629],[-53.15925,0.408414],[-53.147678,0.552374],[-53.136371,0.693237],[-53.213929,0.786046],[-53.357663,0.892498],[-53.425785,1.024032],[-53.456763,1.138608],[-53.416958,1.20309],[-53.545842,1.228822],[-53.532905,1.322743],[-53.652691,1.355178],[-53.682564,1.384667],[-53.714929,1.405689],[-53.791208,1.416982],[-53.850596,1.398838],[-53.892763,1.443692],[-53.928278,1.469491],[-53.999041,1.505081],[-54.077478,1.486001],[-54.10987,1.575297],[-54.133009,1.617451],[-54.18173,1.658384],[-54.243958,1.67644],[-54.278164,1.708713],[-54.308158,1.729688],[-54.343863,1.744981],[-54.424174,1.76075],[-54.495456,1.747252],[-54.570569,1.779019],[-54.650535,1.771756],[-54.745954,1.786759],[-54.752612,1.872145],[-54.755373,1.960612],[-54.810844,2.039744],[-54.806617,2.116129],[-54.786596,2.164177],[-54.794384,2.240666],[-54.793756,2.31304],[-54.743472,2.471857],[-54.188524,2.179194],[-53.961038,2.244173],[-53.936489,2.286134],[-53.907218,2.274426],[-53.883837,2.316078],[-53.852339,2.314504],[-53.820046,2.330071],[-53.813878,2.343391],[-53.762804,2.377745],[-53.7413,2.361974],[-53.738361,2.332351],[-53.728792,2.312469],[-53.690833,2.304588],[-53.654104,2.294433],[-53.621275,2.280824],[-53.587415,2.273533],[-53.540102,2.257596],[-53.49303,2.261685],[-53.463156,2.277154],[-53.421238,2.290234],[-53.376607,2.318216],[-53.337633,2.353968],[-53.308488,2.317298],[-53.261561,2.284158],[-53.240546,2.255075],[-53.262698,2.22889],[-53.279479,2.187153],[-53.266859,2.189846],[-53.230411,2.202472],[-53.184306,2.199806],[-53.117222,2.21348],[-53.029022,2.172716],[-52.972516,2.160847],[-52.938942,2.179455],[-52.90031,2.197094],[-52.880637,2.236143],[-52.858049,2.259209],[-52.83852,2.282819],[-52.783111,2.308162],[-52.759496,2.319739],[-52.703603,2.352728],[-52.659442,2.388915],[-52.628513,2.448239],[-52.599496,2.475048],[-52.55407,2.516693],[-52.545399,2.556366],[-52.549101,2.61384],[-52.540989,2.649732],[-52.510563,2.696977],[-52.48676,2.752033],[-52.472584,2.798573],[-52.439004,2.863399],[-52.384526,2.914807],[-52.379378,2.96892],[-52.350591,3.039745],[-52.344936,3.098361],[-52.35187,3.126385],[-52.333757,3.159381],[-52.309092,3.198013],[-52.26264,3.25622],[-52.217221,3.272027],[-52.187153,3.321287],[-52.130825,3.41933],[-52.094811,3.485583],[-52.063763,3.522227],[-52.030633,3.58019],[-51.990653,3.662261],[-51.960613,3.729354],[-51.918128,3.786544],[-51.875416,3.807997],[-51.820216,3.870275],[-51.777736,3.951421],[-51.711868,4.00054],[-51.648749,4.042029],[-51.620646,4.13788],[-51.588894,4.248353],[-51.574406,4.337241],[-51.518478,4.43618],[-51.345628,4.295569],[-51.230459,4.159057],[-51.192031,4.071896],[-51.181678,4.008887]]]]}},{"type":"Feature","properties":{"uf":"BA","nome":"Bahia"},"geometry":{"type":"MultiPolygon","coordinates":[[[[-39.288197,-8.562901],[-39.245164,-8.681823],[-39.150976,-8.708799],[-38.927728,-8.796163],[-38.711433,-8.857304],[-38.607203,-8.892868],[-38.479123,-8.901504],[-38.416633,-9.036506],[-38.320658,-9.069626],[-38.250144,-9.290077],[-38.177311,-9.424968],[-38.069966,-9.450482],[-38.021461,-9.540584],[-38.040108,-9.602122],[-37.989714,-9.641246],[-38.042209,-9.715636],[-37.974204,-9.829618],[-37.991984,-9.919089],[-37.875028,-9.978362],[-37.78253,-10.180215],[-37.807281,-10.366225],[-37.837032,-10.40053],[-37.816908,-10.503515],[-37.840174,-10.549135],[-37.999466,-10.763949],[-38.104962,-10.710533],[-38.196702,-10.706978],[-38.236501,-10.79173],[-38.231877,-10.895984],[-38.188358,-10.964136],[-38.111219,-11.009499],[-38.087667,-11.061526],[-38.071606,-11.137197],[-38.002712,-11.195265],[-37.98883,-11.228909],[-37.992822,-11.261829],[-37.991135,-11.328202],[-37.97245,-11.373396],[-37.959727,-11.396319],[-37.928795,-11.402989],[-37.883019,-11.425186],[-37.848653,-11.444653],[-37.814076,-11.491946],[-37.759039,-11.524808],[-37.69805,-11.554811],[-37.650583,-11.518344],[-37.600961,-11.53838],[-37.517548,-11.547579],[-37.372704,-11.456491],[-37.416154,-11.551443],[-37.48139,-11.680153],[-37.602552,-11.936654],[-37.743141,-12.188105],[-37.916303,-12.437138],[-37.993109,-12.559293],[-38.045581,-12.628282],[-38.12116,-12.703121],[-38.226968,-12.826717],[-38.338652,-12.943203],[-38.403435,-12.962132],[-38.475015,-13.012473],[-38.524655,-13.007939],[-38.612118,-12.940831],[-38.654919,-13.029024],[-38.736455,-13.087749],[-38.833464,-13.155206],[-38.921607,-13.211824],[-38.967633,-13.340737],[-38.917439,-13.372126],[-38.896932,-13.430082],[-38.915777,-13.473857],[-38.921247,-13.50658],[-38.916469,-13.575049],[-38.889036,-13.62045],[-38.921522,-13.660479],[-38.965211,-13.681055],[-38.999734,-13.783056],[-38.930575,-13.89977],[-38.932955,-13.958502],[-38.949405,-14.043118],[-38.96919,-14.11739],[-38.992668,-14.210969],[-38.984898,-14.275779],[-38.997579,-14.329638],[-39.023761,-14.466044],[-39.046458,-14.564379],[-39.065244,-14.705098],[-39.032201,-14.804501],[-39.025142,-14.879541],[-39.006768,-14.955827],[-38.99376,-15.252859],[-38.975028,-15.37676],[-38.942158,-15.527769],[-38.922651,-15.708971],[-38.887491,-15.783649],[-38.862291,-15.851234],[-38.915948,-16.004784],[-38.953091,-16.097982],[-38.970989,-16.195752],[-39.019746,-16.269219],[-39.005028,-16.33201],[-39.058195,-16.42711],[-39.068935,-16.498224],[-39.088037,-16.586543],[-39.097214,-16.657777],[-39.114499,-16.71203],[-39.134178,-16.751322],[-39.14195,-16.865398],[-39.153873,-16.961556],[-39.174956,-17.065074],[-39.207334,-17.149304],[-39.216523,-17.254892],[-39.191151,-17.456437],[-39.191272,-17.569989],[-39.145606,-17.69927],[-39.207442,-17.775631],[-39.325459,-17.894723],[-39.438379,-17.941741],[-39.549434,-18.095213],[-39.563991,-18.117231],[-39.637022,-18.244835],[-39.66277,-18.335275],[-40.234096,-17.954931],[-40.19328,-17.828744],[-40.223543,-17.733587],[-40.285847,-17.700245],[-40.321775,-17.643995],[-40.381056,-17.612112],[-40.410282,-17.567749],[-40.483484,-17.505459],[-40.550953,-17.436085],[-40.601224,-17.382056],[-40.590118,-17.3125],[-40.570768,-17.251742],[-40.562544,-17.125894],[-40.539843,-16.982076],[-40.4366,-16.892708],[-40.366089,-16.873696],[-40.281248,-16.900711],[-40.256363,-16.821604],[-40.330804,-16.792458],[-40.306632,-16.696291],[-40.254293,-16.568964],[-40.189789,-16.570492],[-40.174448,-16.537422],[-40.113698,-16.457303],[-40.062306,-16.431516],[-40.011086,-16.345802],[-39.951858,-16.297414],[-39.911844,-16.215909],[-39.88232,-16.143947],[-39.888858,-16.063882],[-39.916474,-16.003443],[-39.990859,-15.994706],[-40.009688,-15.991029],[-40.040272,-15.971262],[-40.065813,-15.949911],[-40.071934,-15.911341],[-40.116834,-15.903094],[-40.166464,-15.904551],[-40.198893,-15.857163],[-40.220749,-15.825817],[-40.255297,-15.810048],[-40.317829,-15.818754],[-40.38211,-15.81403],[-40.452393,-15.759543],[-40.517886,-15.797047],[-40.592221,-15.761853],[-40.637488,-15.729742],[-40.743137,-15.684281],[-40.779942,-15.679714],[-40.848438,-15.680846],[-40.932832,-15.658359],[-41.006788,-15.713376],[-41.128243,-15.746305],[-41.245884,-15.742243],[-41.355791,-15.502121],[-41.870582,-15.11608],[-41.953035,-15.175209],[-42.097938,-15.167866],[-42.172924,-15.085499],[-42.269997,-15.118506],[-42.33639,-15.079971],[-42.475511,-15.016586],[-42.57199,-14.945568],[-42.652148,-14.920271],[-42.699961,-14.894088],[-42.741696,-14.869561],[-42.867048,-14.770278],[-42.908838,-14.751788],[-42.95229,-14.707951],[-43.048168,-14.689787],[-43.107616,-14.672718],[-43.188026,-14.654803],[-43.299117,-14.67497],[-43.424908,-14.719529],[-43.466656,-14.764173],[-43.504349,-14.796529],[-43.533541,-14.788271],[-43.638118,-14.748296],[-43.689014,-14.726922],[-43.755213,-14.700272],[-43.858788,-14.67385],[-43.876736,-14.639876],[-43.875091,-14.592508],[-43.841941,-14.461786],[-43.807709,-14.327106],[-43.841511,-14.31622],[-43.869543,-14.309599],[-43.909503,-14.30003],[-43.941728,-14.304646],[-43.980425,-14.281707],[-44.038019,-14.281852],[-44.076322,-14.275085],[-44.105622,-14.266849],[-44.162398,-14.264921],[-44.2402,-14.240256],[-44.273579,-14.250036],[-44.340704,-14.25617],[-44.373239,-14.274211],[-44.410267,-14.281883],[-44.482726,-14.321673],[-44.528737,-14.327681],[-44.573469,-14.347667],[-44.62786,-14.381814],[-44.662967,-14.407267],[-44.697791,-14.431607],[-44.743031,-14.465843],[-44.781631,-14.482149],[-44.813399,-14.504214],[-44.826018,-14.53374],[-44.849683,-14.570697],[-44.894997,-14.603626],[-44.942608,-14.629774],[-44.983638,-14.654195],[-45.046393,-14.689281],[-45.174534,-14.741167],[-45.24154,-14.786083],[-45.286491,-14.821288],[-45.313946,-14.845757],[-45.371669,-14.880503],[-45.448691,-14.942244],[-45.547345,-14.938511],[-45.602285,-14.989085],[-45.660142,-15.037939],[-45.710467,-15.092938],[-45.756313,-15.118085],[-45.834572,-15.136912],[-45.971574,-15.168876],[-46.030373,-15.209492],[-46.079378,-15.253658],[-46.092403,-15.184725],[-46.037044,-15.116034],[-45.971319,-14.948678],[-46.052396,-14.830925],[-46.007155,-14.74125],[-46.02311,-14.672634],[-45.991379,-14.612096],[-45.988715,-14.549857],[-45.998537,-14.502909],[-46.016355,-14.418867],[-45.922094,-14.379699],[-45.958543,-14.30385],[-46.025459,-14.256529],[-46.095795,-14.205048],[-46.196856,-14.142759],[-46.241556,-14.092269],[-46.21844,-14.002041],[-46.249242,-13.830313],[-46.225711,-13.771548],[-46.235936,-13.707791],[-46.183868,-13.566624],[-46.219927,-13.487308],[-46.242457,-13.429489],[-46.139551,-13.377315],[-46.052035,-13.311183],[-46.128849,-13.290272],[-46.288304,-13.314179],[-46.330711,-13.249103],[-46.303523,-13.166752],[-46.322236,-13.097851],[-46.275151,-13.027887],[-46.196577,-12.996323],[-46.125415,-12.961044],[-46.304358,-12.949443],[-46.274005,-12.810106],[-46.264492,-12.716519],[-46.289769,-12.631327],[-46.156225,-12.521352],[-46.249732,-12.452096],[-46.293902,-12.384284],[-46.342137,-12.313314],[-46.371739,-12.258583],[-46.383484,-12.183466],[-46.368141,-12.098116],[-46.396215,-12.032888],[-46.210086,-11.929973],[-46.274761,-11.889892],[-46.359685,-11.839111],[-46.324274,-11.777652],[-46.294463,-11.678262],[-46.179706,-11.653528],[-46.08625,-11.621714],[-46.264156,-11.556654],[-46.445105,-11.514237],[-46.525276,-11.441824],[-46.609497,-11.307898],[-46.45295,-11.155775],[-46.316926,-10.92718],[-46.229093,-10.794034],[-46.188765,-10.631368],[-46.059221,-10.585123],[-45.961662,-10.509293],[-45.825061,-10.401776],[-45.705186,-10.269761],[-45.686157,-10.153262],[-45.570427,-10.184329],[-45.490682,-10.300835],[-45.396019,-10.446486],[-45.431468,-10.627032],[-45.257068,-10.811273],[-45.116104,-10.840355],[-44.973486,-10.892839],[-44.85462,-10.884075],[-44.782704,-10.805858],[-44.661654,-10.728418],[-44.583239,-10.629179],[-44.400969,-10.606587],[-44.263615,-10.624253],[-44.129818,-10.632552],[-44.036603,-10.489332],[-43.941337,-10.425622],[-43.854012,-10.319827],[-43.767015,-10.113194],[-43.661876,-10.003925],[-43.705776,-9.921642],[-43.652847,-9.838644],[-43.761165,-9.777473],[-43.839768,-9.626114],[-43.799049,-9.479245],[-43.562459,-9.313342],[-43.404135,-9.301182],[-43.278369,-9.424166],[-43.198332,-9.417576],[-43.119603,-9.37213],[-43.05665,-9.41738],[-42.958006,-9.428464],[-42.928023,-9.526836],[-42.829383,-9.580844],[-42.743466,-9.582429],[-42.647248,-9.542168],[-42.548774,-9.495468],[-42.427889,-9.439378],[-42.318771,-9.319847],[-42.179107,-9.284857],[-41.957795,-9.261689],[-41.870136,-9.237026],[-41.7348,-9.094295],[-41.646003,-8.986718],[-41.567488,-8.9616],[-41.50887,-8.882675],[-41.427689,-8.799367],[-41.348332,-8.715256],[-41.239025,-8.713478],[-41.172052,-8.706806],[-41.124188,-8.752272],[-41.072748,-8.784104],[-41.005054,-8.831988],[-40.917775,-8.842083],[-40.860933,-8.947614],[-40.823871,-9.05199],[-40.783159,-9.103488],[-40.667025,-9.158669],[-40.680251,-9.258673],[-40.747032,-9.306633],[-40.74215,-9.383073],[-40.721819,-9.445544],[-40.510338,-9.406768],[-40.420508,-9.352161],[-40.285431,-9.181475],[-40.164623,-9.106079],[-39.902811,-8.977941],[-39.809931,-8.816213],[-39.674881,-8.750863],[-39.616275,-8.655593],[-39.518235,-8.603511],[-39.407827,-8.538226],[-39.288197,-8.562901]],[[-39.576153,-18.088199],[-39.576153,-18.088199]]]]}},{"type":"Feature","properties":{"uf":"CE","nome":"Cear\u00e1"},"geometry":{"type":"MultiPolygon","coordinates":[[[[-40.018043,-2.836985],[-39.987328,-2.842138],[-39.908645,-2.876359],[-39.811473,-2.935333],[-39.723626,-2.993521],[-39.65378,-3.02329],[-39.580899,-3.071212],[-39.487099,-3.118064],[-39.425247,-3.151843],[-39.309275,-3.207276],[-39.169503,-3.32328],[-39.112348,-3.347008],[-39.069897,-3.401592],[-38.994576,-3.397091],[-38.908651,-3.504168],[-38.815245,-3.543418],[-38.739268,-3.620639],[-38.638855,-3.686928],[-38.566146,-3.701239],[-38.498763,-3.724841],[-38.4354,-3.770262],[-38.363867,-3.881482],[-38.302599,-3.943086],[-38.222532,-4.006334],[-38.143854,-4.106245],[-38.047442,-4.21377],[-37.972584,-4.278899],[-37.850912,-4.378963],[-37.763472,-4.422874],[-37.723583,-4.502275],[-37.627908,-4.596167],[-37.537135,-4.642994],[-37.446468,-4.657014],[-37.357374,-4.689563],[-37.286793,-4.742788],[-37.35644,-4.860605],[-37.723672,-5.069471],[-37.79081,-5.261885],[-37.858929,-5.395355],[-37.904396,-5.500761],[-38.009718,-5.591776],[-38.086781,-5.730141],[-38.104307,-5.811835],[-38.163533,-5.929923],[-38.244118,-5.999075],[-38.290407,-6.072767],[-38.372062,-6.082546],[-38.400714,-6.05325],[-38.476025,-6.14404],[-38.543856,-6.245362],[-38.581038,-6.323242],[-38.579004,-6.374984],[-38.551888,-6.39797],[-38.554545,-6.436975],[-38.615729,-6.527756],[-38.632554,-6.589536],[-38.646585,-6.65382],[-38.664508,-6.723699],[-38.628634,-6.777324],[-38.648838,-6.807735],[-38.692134,-6.869988],[-38.738204,-6.898565],[-38.756287,-6.940016],[-38.758305,-6.998067],[-38.66947,-7.047311],[-38.67491,-7.155325],[-38.619414,-7.196655],[-38.57887,-7.246632],[-38.539726,-7.305822],[-38.590002,-7.400786],[-38.644538,-7.459619],[-38.651118,-7.527389],[-38.684624,-7.579723],[-38.725309,-7.627662],[-38.784993,-7.666097],[-38.845708,-7.720015],[-38.9166,-7.753522],[-38.952477,-7.810161],[-39.001021,-7.839727],[-39.090328,-7.840684],[-39.146099,-7.717843],[-39.246818,-7.704927],[-39.30651,-7.664686],[-39.29091,-7.598973],[-39.363562,-7.500798],[-39.498889,-7.418786],[-39.662188,-7.310208],[-39.889754,-7.339439],[-40.022892,-7.398355],[-40.548081,-7.392315],[-40.494413,-7.181954],[-40.443881,-7.055541],[-40.410697,-6.998685],[-40.418978,-6.859393],[-40.416461,-6.812142],[-40.47586,-6.734121],[-40.745475,-6.565161],[-40.804777,-6.392747],[-40.846852,-6.202632],[-40.903568,-6.020496],[-40.908677,-5.825156],[-40.910856,-5.656183],[-40.935978,-5.525901],[-40.928873,-5.444059],[-40.927931,-5.376272],[-40.912912,-5.307663],[-40.918211,-5.260528],[-40.926389,-5.214032],[-40.973207,-5.149234],[-41.043218,-5.094307],[-41.096627,-5.052777],[-41.150542,-4.991739],[-41.237149,-4.880827],[-41.209603,-4.782979],[-41.208236,-4.707696],[-41.228954,-4.619729],[-41.210805,-4.549968],[-41.176758,-4.440897],[-41.098848,-4.181758],[-41.137355,-4.119016],[-41.171439,-4.032116],[-41.254308,-4.035393],[-41.228647,-3.968015],[-41.259578,-3.864391],[-41.300438,-3.825942],[-41.241362,-3.71089],[-41.343314,-3.675616],[-41.3253,-3.536055],[-41.328385,-3.477709],[-41.393483,-3.399211],[-41.403069,-3.332215],[-41.285117,-3.112958],[-41.255532,-3.040607],[-41.292776,-2.967776],[-41.258416,-2.884046],[-41.098677,-2.896084],[-40.962096,-2.880794],[-40.879437,-2.861829],[-40.83409,-2.87936],[-40.743888,-2.851322],[-40.586879,-2.841793],[-40.509676,-2.787284],[-40.392247,-2.812307],[-40.236045,-2.81153],[-40.131715,-2.833678],[-40.061026,-2.8372],[-40.018043,-2.836985]]],[[[-40.024638,-2.834113],[-40.018043,-2.836985],[-40.027137,-2.835738],[-40.024638,-2.834113]]]]}},{"type":"Feature","properties":{"uf":"ES","nome":"Esp\u00edrito Santo"},"geometry":{"type":"MultiPolygon","coordinates":[[[[-40.723829,-20.841778],[-40.764655,-20.888971],[-40.809759,-20.966984],[-40.823136,-21.043056],[-40.883824,-21.147777],[-40.945491,-21.224337],[-40.9603,-21.286394],[-40.985166,-21.286469],[-41.072066,-21.229581],[-41.137045,-21.227488],[-41.185824,-21.240912],[-41.222203,-21.229684],[-41.271417,-21.236804],[-41.316994,-21.217452],[-41.381016,-21.195915],[-41.413519,-21.200917],[-41.487949,-21.179864],[-41.56888,-21.17921],[-41.646382,-21.144116],[-41.681784,-21.12055],[-41.716697,-21.104904],[-41.716231,-21.046627],[-41.71483,-20.991472],[-41.7193,-20.896715],[-41.736988,-20.836098],[-41.76191,-20.806671],[-41.811422,-20.798754],[-41.877137,-20.755664],[-41.860644,-20.706253],[-41.827235,-20.655912],[-41.82534,-20.624221],[-41.815656,-20.552639],[-41.799179,-20.477102],[-41.852238,-20.347665],[-41.806538,-20.306995],[-41.7667,-20.228766],[-41.411293,-20.206186],[-41.355921,-20.134519],[-41.331481,-20.062725],[-41.31539,-19.974706],[-41.233109,-19.919935],[-41.17529,-19.838858],[-41.179102,-19.739604],[-41.152803,-19.662795],[-41.092249,-19.601344],[-41.039373,-19.54937],[-40.971327,-19.499627],[-40.958929,-19.438548],[-40.939234,-19.358142],[-40.932377,-19.295563],[-40.9276,-19.2503],[-40.929142,-19.197371],[-40.943795,-19.143892],[-40.984357,-19.100228],[-41.035087,-19.071073],[-41.017182,-18.976045],[-41.067085,-18.943171],[-41.112359,-18.922055],[-41.1579,-18.867103],[-41.229702,-18.857884],[-41.232142,-18.796794],[-41.089249,-18.83857],[-40.944233,-18.825626],[-40.951645,-18.680356],[-41.029958,-18.645293],[-41.026273,-18.527618],[-41.153372,-18.413236],[-41.152011,-18.335047],[-41.102342,-18.236484],[-41.066481,-18.180615],[-41.027707,-18.157193],[-40.954138,-18.154014],[-40.904147,-18.11545],[-40.862905,-18.13865],[-40.771099,-18.155441],[-40.862726,-17.987823],[-40.794606,-17.98126],[-40.739922,-18.003994],[-40.666075,-18.011789],[-40.614899,-17.943234],[-40.518161,-17.893521],[-40.417017,-17.92655],[-40.345553,-17.923589],[-40.275274,-17.962079],[-39.68854,-18.320345],[-39.699705,-18.415283],[-39.731692,-18.555157],[-39.746562,-18.705674],[-39.745335,-18.885917],[-39.718571,-19.096438],[-39.688553,-19.305828],[-39.726804,-19.458739],[-39.806266,-19.630997],[-39.899678,-19.680922],[-40.026358,-19.779995],[-40.06549,-19.855705],[-40.092858,-19.901399],[-40.139262,-19.948668],[-40.147225,-20.002161],[-40.190305,-20.056034],[-40.184065,-20.160643],[-40.223105,-20.251035],[-40.262579,-20.267262],[-40.283627,-20.29933],[-40.289231,-20.322985],[-40.276968,-20.332172],[-40.322009,-20.429366],[-40.376607,-20.536939],[-40.423668,-20.63522],[-40.469487,-20.633468],[-40.494275,-20.661553],[-40.522158,-20.719486],[-40.5494,-20.74061],[-40.581127,-20.802316],[-40.627279,-20.840849],[-40.653848,-20.803384],[-40.655499,-20.810172],[-40.684742,-20.825527],[-40.723829,-20.841778]],[[-40.526619,-20.655179],[-40.526619,-20.655179]],[[-40.536145,-20.685265],[-40.536145,-20.685265],[-40.536145,-20.685265]]],[[[-40.474992,-20.660832],[-40.474992,-20.660832]]],[[[-40.724437,-20.846641],[-40.723829,-20.841778],[-40.718565,-20.845484],[-40.724437,-20.846641]]]]}},{"type":"Feature","properties":{"uf":"GO","nome":"Goi\u00e1s"},"geometry":{"type":"MultiPolygon","coordinates":[[[[-50.157762,-12.411952],[-50.222489,-12.54316],[-50.231622,-12.581074],[-50.266543,-12.65895],[-50.294876,-12.677254],[-50.296629,-12.751234],[-50.292184,-12.839493],[-50.250542,-12.850805],[-50.212878,-12.877809],[-50.176045,-12.89153],[-50.103485,-12.907617],[-50.00255,-12.933321],[-49.827497,-13.018734],[-49.347882,-13.212171],[-49.344377,-13.116998],[-49.279302,-12.976398],[-49.228129,-12.877505],[-49.159516,-12.831155],[-49.082653,-12.845046],[-49.084753,-12.894033],[-49.004433,-12.932122],[-48.862128,-12.809268],[-48.825457,-12.845081],[-48.786304,-12.884681],[-48.738761,-12.945714],[-48.693533,-12.997576],[-48.647405,-13.010404],[-48.59602,-13.078177],[-48.581779,-13.141175],[-48.582079,-13.20918],[-48.600096,-13.294729],[-48.554742,-13.237388],[-48.521544,-13.140456],[-48.474687,-13.191257],[-48.459438,-13.247142],[-48.43038,-13.279755],[-48.387992,-13.260651],[-48.348725,-13.246074],[-48.30742,-13.234944],[-48.287559,-13.204811],[-48.242436,-13.186985],[-48.173492,-13.147675],[-48.163448,-13.183657],[-48.164957,-13.305356],[-48.092823,-13.285869],[-48.071383,-13.239991],[-48.032292,-13.27357],[-47.951674,-13.30973],[-47.892738,-13.306811],[-47.800379,-13.333271],[-47.638497,-13.390623],[-47.656567,-13.299458],[-47.657771,-13.219384],[-47.662685,-13.194829],[-47.648627,-13.138994],[-47.61754,-13.104276],[-47.509431,-13.189437],[-47.430846,-13.237605],[-47.389213,-13.240604],[-47.311348,-13.251028],[-47.252356,-13.234699],[-47.180508,-13.200648],[-47.108522,-13.170606],[-47.080899,-13.16699],[-47.035485,-13.150427],[-46.987974,-13.12378],[-46.917197,-13.075473],[-46.854547,-13.06298],[-46.818461,-13.013588],[-46.436956,-12.935058],[-46.397622,-12.850706],[-46.366548,-12.887511],[-46.369596,-12.969921],[-46.278338,-12.969528],[-46.119495,-12.925407],[-46.176746,-12.984234],[-46.252865,-13.005625],[-46.295892,-13.06402],[-46.293195,-13.150922],[-46.31377,-13.224918],[-46.315491,-13.302738],[-46.211201,-13.318333],[-46.048046,-13.308765],[-46.126961,-13.365968],[-46.215961,-13.405209],[-46.225351,-13.476491],[-46.228067,-13.568522],[-46.255545,-13.693455],[-46.248327,-13.746888],[-46.270856,-13.820767],[-46.220828,-13.972409],[-46.232326,-14.056081],[-46.201762,-14.119187],[-46.115621,-14.186769],[-46.041948,-14.244469],[-45.975598,-14.277092],[-45.906861,-14.352935],[-45.998393,-14.428942],[-45.996788,-14.48702],[-45.990395,-14.543281],[-45.988936,-14.588681],[-46.020638,-14.663715],[-46.007892,-14.731365],[-46.022902,-14.817569],[-46.070348,-14.907969],[-46.159037,-14.913361],[-46.240703,-14.921431],[-46.315901,-14.88169],[-46.333873,-14.812445],[-46.385662,-14.777441],[-46.47447,-14.704739],[-46.536681,-14.747012],[-46.537732,-14.827586],[-46.530305,-14.960273],[-46.531563,-15.055948],[-46.642347,-15.086444],[-46.873832,-15.025395],[-46.91628,-15.166547],[-46.890262,-15.259353],[-46.84904,-15.372715],[-46.854352,-15.619905],[-46.821362,-15.814291],[-46.956607,-15.915563],[-47.134903,-15.928297],[-47.167179,-15.962422],[-47.194819,-15.980985],[-47.227957,-16.012172],[-47.287303,-16.009225],[-47.323555,-16.02856],[-47.347346,-16.005561],[-47.373215,-15.966467],[-47.360342,-15.931247],[-47.369231,-15.864692],[-47.353425,-15.821788],[-47.329402,-15.779013],[-47.317152,-15.724978],[-47.326153,-15.648359],[-47.374145,-15.577877],[-47.461414,-15.500078],[-48.209195,-15.621798],[-48.22564,-15.77089],[-48.277647,-15.873659],[-48.262971,-15.929932],[-48.272404,-16.008024],[-47.814354,-16.050207],[-47.310278,-16.067086],[-47.331312,-16.101941],[-47.344196,-16.147658],[-47.334595,-16.181397],[-47.329745,-16.213893],[-47.349219,-16.288333],[-47.41746,-16.380793],[-47.447487,-16.464244],[-47.437686,-16.541604],[-47.412122,-16.559156],[-47.39598,-16.579541],[-47.342409,-16.592724],[-47.31953,-16.617679],[-47.286266,-16.634607],[-47.258924,-16.655174],[-47.251034,-16.705041],[-47.231649,-16.764622],[-47.208047,-16.820008],[-47.201223,-16.874992],[-47.188953,-16.905424],[-47.159366,-16.944309],[-47.135599,-16.992424],[-47.148538,-17.023682],[-47.165788,-17.039611],[-47.186981,-17.057232],[-47.20993,-17.073468],[-47.229288,-17.08919],[-47.265022,-17.108095],[-47.282976,-17.130119],[-47.331135,-17.158503],[-47.362596,-17.186033],[-47.378157,-17.219516],[-47.407822,-17.257119],[-47.420346,-17.300584],[-47.449687,-17.33606],[-47.498176,-17.335361],[-47.530063,-17.377124],[-47.536896,-17.407798],[-47.540735,-17.453844],[-47.477067,-17.51127],[-47.344933,-17.525864],[-47.26782,-17.637252],[-47.300571,-17.690965],[-47.342757,-17.774593],[-47.350178,-17.810798],[-47.358382,-17.886751],[-47.323312,-17.95691],[-47.296163,-18.012585],[-47.304583,-18.064887],[-47.365482,-18.10735],[-47.39609,-18.136911],[-47.450787,-18.158705],[-47.504787,-18.191797],[-47.557284,-18.207568],[-47.60492,-18.251213],[-47.627681,-18.300941],[-47.670252,-18.357009],[-47.735754,-18.37846],[-47.798041,-18.415843],[-47.838337,-18.451292],[-47.867726,-18.47393],[-47.938766,-18.487604],[-47.975595,-18.452145],[-48.060954,-18.412588],[-48.170665,-18.374076],[-48.287838,-18.348216],[-48.413013,-18.355778],[-48.492314,-18.352511],[-48.633362,-18.327183],[-48.742714,-18.348361],[-48.872286,-18.332382],[-48.983728,-18.34095],[-49.041534,-18.376046],[-49.106719,-18.388393],[-49.196377,-18.438135],[-49.302512,-18.565971],[-49.431933,-18.606279],[-49.546151,-18.508251],[-49.627774,-18.552118],[-49.705204,-18.594608],[-49.794315,-18.643229],[-49.884602,-18.60992],[-50.028047,-18.600971],[-50.21701,-18.68006],[-50.385022,-18.817091],[-50.508662,-18.936965],[-50.540119,-19.102053],[-50.672043,-19.163236],[-50.816638,-19.289363],[-50.838315,-19.457134],[-50.984692,-19.420432],[-51.021957,-19.38778],[-51.06656,-19.329632],[-51.12559,-19.302993],[-51.207308,-19.265446],[-51.274264,-19.261655],[-51.335173,-19.2218],[-51.395058,-19.195621],[-51.443143,-19.16471],[-51.500983,-19.147315],[-51.575736,-19.132103],[-51.639149,-19.126967],[-51.728207,-19.107768],[-51.775596,-19.076595],[-51.818439,-19.053316],[-51.87157,-19.029538],[-51.914259,-18.98317],[-51.967789,-18.96624],[-52.006996,-18.97215],[-52.044737,-18.950043],[-52.102399,-18.921547],[-52.156679,-18.887974],[-52.179089,-18.855067],[-52.218819,-18.842097],[-52.337461,-18.821487],[-52.374733,-18.791199],[-52.409345,-18.754526],[-52.522047,-18.664181],[-52.622125,-18.688706],[-52.732464,-18.68863],[-52.83892,-18.666512],[-52.935272,-18.60211],[-52.90771,-18.488779],[-52.766003,-18.33925],[-52.978851,-18.303875],[-53.100667,-18.309687],[-53.125455,-18.060261],[-53.13223,-17.890878],[-53.182481,-17.749745],[-53.235627,-17.706998],[-53.239761,-17.667424],[-53.242431,-17.601367],[-53.242071,-17.567072],[-53.24116,-17.510175],[-53.232932,-17.440485],[-53.208172,-17.393178],[-53.202546,-17.361781],[-53.217249,-17.32647],[-53.197618,-17.259578],[-53.155795,-17.18818],[-53.129869,-17.149209],[-53.098889,-17.106083],[-53.079089,-17.088482],[-53.06173,-17.070935],[-53.065462,-17.038516],[-53.049429,-16.992389],[-53.035841,-16.930634],[-53.013625,-16.876672],[-52.963707,-16.866555],[-52.94695,-16.844847],[-52.926053,-16.816672],[-52.862819,-16.774376],[-52.806901,-16.740982],[-52.762344,-16.671896],[-52.732287,-16.634181],[-52.706253,-16.597827],[-52.663858,-16.565306],[-52.625653,-16.533003],[-52.603901,-16.464214],[-52.642956,-16.412297],[-52.681816,-16.343089],[-52.610263,-16.271915],[-52.568804,-16.230281],[-52.5266,-16.15577],[-52.43701,-16.109664],[-52.322871,-16.037144],[-52.257767,-15.932048],[-52.108275,-15.882147],[-51.959315,-15.839817],[-51.865787,-15.793821],[-51.762485,-15.645193],[-51.734981,-15.51043],[-51.670899,-15.371289],[-51.667542,-15.245907],[-51.552264,-15.105452],[-51.369551,-15.008829],[-51.297571,-15.022769],[-51.082531,-14.905792],[-51.053485,-14.746226],[-50.972454,-14.500171],[-50.984738,-14.358024],[-50.913343,-14.11115],[-50.848761,-14.000334],[-50.840959,-13.86249],[-50.822491,-13.712792],[-50.682974,-13.443662],[-50.623761,-13.334259],[-50.599525,-13.177481],[-50.587073,-13.023983],[-50.520454,-12.928599],[-50.490683,-12.813635],[-50.482739,-12.752175],[-50.440803,-12.697323],[-50.433566,-12.651307],[-50.39094,-12.606268],[-50.358067,-12.553338],[-50.334067,-12.51998],[-50.276843,-12.478943],[-50.18369,-12.429883],[-50.142216,-12.39551],[-50.157762,-12.411952]]]]}},{"type":"Feature","properties":{"uf":"MA","nome":"Maranh\u00e3o"},"geometry":{"type":"MultiPolygon","coordinates":[[[[-47.031021,-8.98549],[-46.996631,-8.932235],[-46.992123,-8.879003],[-46.912738,-8.834835],[-46.910852,-8.768374],[-46.913845,-8.71218],[-46.90219,-8.652819],[-46.901471,-8.612792],[-46.91339,-8.586185],[-46.882442,-8.566982],[-46.846653,-8.532739],[-46.840112,-8.46523],[-46.798295,-8.412368],[-46.750808,-8.374082],[-46.677854,-8.336145],[-46.551299,-8.321888],[-46.48834,-8.203507],[-46.467083,-8.078417],[-46.491707,-7.981303],[-46.581989,-7.907839],[-46.66774,-7.903696],[-46.726107,-7.923135],[-46.766994,-7.938288],[-46.801277,-7.950498],[-46.843512,-7.964945],[-46.882242,-7.972739],[-46.940966,-7.996486],[-46.988805,-8.047479],[-47.043074,-8.053196],[-47.091031,-7.988682],[-47.104372,-7.960768],[-47.125104,-7.924754],[-47.163024,-7.879183],[-47.194063,-7.847552],[-47.206188,-7.834246],[-47.238773,-7.813471],[-47.244422,-7.788671],[-47.266329,-7.760893],[-47.301071,-7.734464],[-47.310076,-7.697918],[-47.329136,-7.662716],[-47.352806,-7.642346],[-47.381664,-7.59958],[-47.431502,-7.548144],[-47.479777,-7.506255],[-47.590437,-7.439154],[-47.597802,-7.267723],[-47.749319,-7.191043],[-47.63552,-7.132213],[-47.505466,-6.897169],[-47.498212,-6.67085],[-47.432392,-6.435069],[-47.384934,-6.230032],[-47.437424,-5.857497],[-47.477309,-5.634291],[-47.666338,-5.421419],[-47.873488,-5.272789],[-48.040338,-5.258941],[-48.20876,-5.246652],[-48.519021,-5.191768],[-48.611907,-5.33806],[-48.719013,-5.350637],[-48.418606,-5.085346],[-47.753608,-4.590458],[-47.70991,-4.605678],[-47.523778,-4.435016],[-47.48138,-4.34964],[-47.429101,-4.283513],[-47.372054,-4.244452],[-47.3666,-4.202636],[-47.349835,-4.141372],[-47.331964,-4.070158],[-47.291858,-4.043217],[-47.22591,-3.997698],[-47.188926,-3.966236],[-47.141771,-3.899782],[-47.094697,-3.858697],[-47.061894,-3.78704],[-47.05174,-3.680995],[-47.050711,-3.632285],[-47.036467,-3.573011],[-47.007547,-3.539923],[-46.975469,-3.507074],[-46.955214,-3.464738],[-46.946522,-3.418433],[-46.938408,-3.38389],[-46.906998,-3.366784],[-46.867992,-3.338322],[-46.83957,-3.323763],[-46.811626,-3.266491],[-46.77894,-3.214659],[-46.773333,-3.17541],[-46.731995,-3.125984],[-46.716187,-3.111508],[-46.675245,-3.065962],[-46.672221,-2.996897],[-46.655298,-2.955478],[-46.662141,-2.903942],[-46.634596,-2.869947],[-46.618109,-2.835554],[-46.593913,-2.82486],[-46.608852,-2.792977],[-46.656634,-2.738525],[-46.646549,-2.688719],[-46.605553,-2.63878],[-46.506692,-2.601843],[-46.479388,-2.541386],[-46.435938,-2.475595],[-46.423042,-2.390946],[-46.436333,-2.333662],[-46.410526,-2.230747],[-46.337585,-2.202125],[-46.270167,-2.11584],[-46.23289,-1.966538],[-46.287626,-1.796247],[-46.304677,-1.727392],[-46.204135,-1.709938],[-46.150002,-1.594511],[-46.176215,-1.475021],[-46.105739,-1.332134],[-46.130155,-1.206401],[-46.0635,-1.142751],[-46.041788,-1.133344],[-46.011241,-1.064665],[-45.964677,-1.046262],[-45.967471,-1.089314],[-45.971165,-1.10531],[-45.989784,-1.137751],[-45.973556,-1.141764],[-45.949377,-1.184794],[-45.926724,-1.173331],[-45.874972,-1.097327],[-45.871157,-1.060836],[-45.841782,-1.09929],[-45.905124,-1.163186],[-45.879339,-1.150813],[-45.869125,-1.171001],[-45.897232,-1.22185],[-45.86365,-1.234192],[-45.862037,-1.270548],[-45.822073,-1.20178],[-45.794038,-1.169998],[-45.820396,-1.262981],[-45.779607,-1.264607],[-45.759322,-1.195168],[-45.730854,-1.143802],[-45.691063,-1.159779],[-45.725153,-1.209877],[-45.738034,-1.237025],[-45.718521,-1.313464],[-45.692243,-1.315893],[-45.719746,-1.375255],[-45.717184,-1.402751],[-45.637629,-1.371851],[-45.589994,-1.269628],[-45.58839,-1.30735],[-45.536471,-1.288143],[-45.55761,-1.328899],[-45.504872,-1.292456],[-45.511426,-1.351736],[-45.515138,-1.406052],[-45.470003,-1.349924],[-45.457184,-1.317582],[-45.401748,-1.307364],[-45.432694,-1.352528],[-45.470851,-1.395568],[-45.472892,-1.446434],[-45.453096,-1.497882],[-45.44649,-1.518467],[-45.415973,-1.415272],[-45.412438,-1.454351],[-45.394457,-1.447186],[-45.364772,-1.392083],[-45.370504,-1.378984],[-45.346083,-1.343492],[-45.328001,-1.3522],[-45.317094,-1.317757],[-45.30283,-1.367607],[-45.294983,-1.414095],[-45.310328,-1.433533],[-45.372429,-1.478889],[-45.368149,-1.534936],[-45.330567,-1.478245],[-45.312037,-1.479511],[-45.338941,-1.584366],[-45.352296,-1.615227],[-45.3753,-1.690455],[-45.338406,-1.732439],[-45.274715,-1.610586],[-45.252348,-1.593276],[-45.194041,-1.515576],[-45.16671,-1.489379],[-45.137477,-1.485053],[-45.126248,-1.496122],[-45.103678,-1.402188],[-45.097119,-1.396374],[-45.095125,-1.51325],[-45.06805,-1.457577],[-45.062278,-1.480189],[-45.004234,-1.481371],[-44.957981,-1.48635],[-44.951404,-1.499976],[-44.920658,-1.486951],[-44.871565,-1.447096],[-44.854057,-1.415742],[-44.82361,-1.429763],[-44.853622,-1.486006],[-44.866178,-1.508722],[-44.903093,-1.565451],[-44.855016,-1.613085],[-44.801463,-1.591256],[-44.780191,-1.640356],[-44.789523,-1.588036],[-44.759599,-1.573055],[-44.761799,-1.605435],[-44.701808,-1.566947],[-44.694919,-1.596758],[-44.673117,-1.565962],[-44.662467,-1.66309],[-44.699328,-1.65127],[-44.761107,-1.676643],[-44.772564,-1.68895],[-44.782869,-1.713617],[-44.784022,-1.74541],[-44.748677,-1.720349],[-44.719334,-1.757851],[-44.804774,-1.813582],[-44.756479,-1.814083],[-44.696332,-1.772282],[-44.666434,-1.791363],[-44.649441,-1.783371],[-44.650093,-1.719578],[-44.629438,-1.814569],[-44.609005,-1.834458],[-44.633057,-1.858538],[-44.596431,-1.828387],[-44.56983,-1.797126],[-44.56787,-1.854066],[-44.544392,-1.8656],[-44.59404,-1.896707],[-44.567797,-1.912463],[-44.535932,-1.897121],[-44.487474,-1.958102],[-44.489633,-1.973686],[-44.496252,-2.007403],[-44.488035,-2.046244],[-44.460362,-2.144277],[-44.435306,-2.183708],[-44.414446,-2.22791],[-44.391545,-2.233292],[-44.375584,-2.27921],[-44.373157,-2.389492],[-44.373738,-2.453824],[-44.260389,-2.481121],[-44.178549,-2.459295],[-44.128668,-2.424662],[-44.080273,-2.424765],[-44.019,-2.399181],[-44.031823,-2.444649],[-44.072424,-2.436226],[-44.092563,-2.45916],[-44.03774,-2.464368],[-43.924593,-2.510509],[-43.755819,-2.363388],[-43.623312,-2.223556],[-43.43647,-2.33092],[-43.315812,-2.337119],[-42.976158,-2.47201],[-42.914809,-2.497942],[-42.801908,-2.554635],[-42.740935,-2.561634],[-42.69987,-2.628424],[-42.690844,-2.595606],[-42.711565,-2.565947],[-42.675702,-2.592],[-42.60613,-2.653286],[-42.530434,-2.684659],[-42.483703,-2.692123],[-42.238227,-2.66744],[-42.203115,-2.685496],[-42.079226,-2.686523],[-42.048387,-2.716532],[-42.016356,-2.717213],[-41.939959,-2.719082],[-41.859085,-2.7229],[-41.848666,-2.773167],[-41.857523,-2.891558],[-41.861272,-3.046778],[-41.931292,-3.145685],[-41.983371,-3.223153],[-42.133494,-3.285133],[-42.124145,-3.352514],[-42.202406,-3.428686],[-42.330421,-3.433506],[-42.416886,-3.45792],[-42.491656,-3.448053],[-42.572087,-3.569135],[-42.682391,-3.703063],[-42.72121,-3.878799],[-42.823258,-3.991836],[-42.887525,-4.151192],[-42.980559,-4.300529],[-42.879479,-4.419819],[-42.859091,-4.50051],[-42.947315,-4.674547],[-42.921842,-4.822498],[-42.863664,-4.930071],[-42.818848,-5.091588],[-42.825995,-5.245476],[-42.870062,-5.37772],[-42.964657,-5.449298],[-43.048414,-5.591587],[-43.079782,-5.74155],[-43.079198,-5.871221],[-43.05507,-5.98602],[-43.041646,-6.105168],[-42.92264,-6.205483],[-42.846612,-6.282113],[-42.856703,-6.379212],[-42.882841,-6.494029],[-42.914702,-6.644499],[-43.058449,-6.753341],[-43.249744,-6.768184],[-43.391194,-6.834018],[-43.489719,-6.818921],[-43.573459,-6.752781],[-43.728315,-6.704417],[-43.879476,-6.757328],[-44.032993,-6.76002],[-44.11501,-6.810054],[-44.138772,-6.863724],[-44.2355,-6.99835],[-44.322552,-7.113795],[-44.490486,-7.182429],[-44.572544,-7.247887],[-44.670522,-7.349405],[-44.742567,-7.361833],[-44.862598,-7.410886],[-44.957046,-7.475328],[-45.011089,-7.495764],[-45.126491,-7.513913],[-45.217738,-7.567459],[-45.305778,-7.5736],[-45.393663,-7.612621],[-45.417407,-7.658168],[-45.455632,-7.670351],[-45.474231,-7.713581],[-45.496078,-7.749908],[-45.498472,-7.797607],[-45.52464,-7.85551],[-45.520429,-7.887689],[-45.538783,-7.919019],[-45.556439,-7.973287],[-45.567316,-8.053264],[-45.582709,-8.125237],[-45.610717,-8.186593],[-45.677734,-8.316003],[-45.703078,-8.368105],[-45.741894,-8.450741],[-45.759744,-8.548441],[-45.777714,-8.617421],[-45.852112,-8.709732],[-45.917478,-8.767684],[-45.94494,-8.831073],[-45.982561,-8.889649],[-45.967288,-8.97867],[-45.926965,-9.080329],[-45.919061,-9.150554],[-45.900238,-9.247876],[-45.899831,-9.31255],[-45.859444,-9.358172],[-45.796908,-9.441569],[-45.79391,-9.485651],[-45.826963,-9.545538],[-45.824953,-9.607081],[-45.828373,-9.70356],[-45.822817,-9.752231],[-45.854948,-9.84751],[-45.852235,-9.919391],[-45.854399,-9.995927],[-45.885854,-10.113652],[-45.935003,-10.190455],[-46.017301,-10.239981],[-46.240405,-10.171477],[-46.443458,-10.077168],[-46.47365,-9.928107],[-46.490173,-9.848277],[-46.575719,-9.757599],[-46.591332,-9.599185],[-46.575355,-9.507846],[-46.649138,-9.443686],[-46.68145,-9.39263],[-46.773922,-9.361379],[-46.832303,-9.279187],[-46.850275,-9.191437],[-46.900515,-9.129169],[-46.92941,-9.083715],[-47.006912,-9.081794],[-47.067561,-9.055613],[-47.048219,-9.016502],[-47.031021,-8.98549]],[[-44.813378,-1.802112],[-44.807013,-1.806953],[-44.810086,-1.801529],[-44.813378,-1.802112]],[[-44.569338,-1.919747],[-44.561008,-1.922738],[-44.566296,-1.917726],[-44.569338,-1.919747]],[[-45.74672,-1.37203],[-45.753933,-1.3783],[-45.744017,-1.374396],[-45.74672,-1.37203]],[[-45.887523,-1.18035],[-45.884711,-1.183372],[-45.877871,-1.178064],[-45.887523,-1.18035]],[[-45.822442,-1.310566],[-45.822442,-1.310566]],[[-44.693307,-1.816271],[-44.687702,-1.807552],[-44.692319,-1.807529],[-44.693307,-1.816271]],[[-45.389812,-1.68975],[-45.389812,-1.68975]],[[-44.800955,-1.626302],[-44.794239,-1.625919],[-44.790448,-1.618091],[-44.800955,-1.626302]],[[-45.127825,-1.543968],[-45.127825,-1.543968]],[[-45.822986,-1.248629],[-45.813911,-1.227213],[-45.822537,-1.241371],[-45.822986,-1.248629]],[[-45.575672,-1.335734],[-45.575672,-1.335734]],[[-45.7995,-1.331501],[-45.7995,-1.331501]],[[-44.834212,-1.822641],[-44.845667,-1.82836],[-44.82021,-1.822201],[-44.834212,-1.822641]],[[-45.36857,-1.43638],[-45.36857,-1.43638]],[[-45.905415,-1.240259],[-45.905415,-1.240259]],[[-45.594841,-1.339187],[-45.594841,-1.339187]],[[-45.392395,-1.564463],[-45.392395,-1.564463]]],[[[-44.97077,-1.344386],[-44.95816,-1.320353],[-44.943125,-1.285998],[-44.891429,-1.281585],[-44.87546,-1.355308],[-44.889017,-1.33612],[-44.923632,-1.374453],[-44.98279,-1.409302],[-45.000881,-1.341354],[-44.98412,-1.331867],[-44.97077,-1.344386],[-44.97077,-1.344386]],[[-44.924278,-1.339253],[-44.924183,-1.345755],[-44.92188,-1.34317],[-44.924278,-1.339253]],[[-44.909326,-1.325444],[-44.909326,-1.325444],[-44.909326,-1.325444]]],[[[-45.677976,-1.300212],[-45.644179,-1.285896],[-45.617269,-1.128648],[-45.610357,-1.174538],[-45.624136,-1.258963],[-45.683117,-1.360293],[-45.675208,-1.318934],[-45.677976,-1.300212]],[[-45.659412,-1.296955],[-45.659412,-1.296955]]],[[[-44.801813,-1.529242],[-44.809005,-1.562283],[-44.795069,-1.498037],[-44.794565,-1.526911],[-44.801813,-1.529242]]],[[[-44.774421,-1.527162],[-44.753019,-1.457771],[-44.774421,-1.527162]]],[[[-45.685207,-1.19606],[-45.683,-1.26168],[-45.675034,-1.215977],[-45.685207,-1.19606]]],[[[-45.541913,-1.195021],[-45.575878,-1.234105],[-45.571434,-1.193007],[-45.541913,-1.195021]]],[[[-44.617213,-1.791267],[-44.600393,-1.812833],[-44.617213,-1.791267]]],[[[-44.728811,-1.562094],[-44.728811,-1.562094]]],[[[-45.798437,-1.126644],[-45.793101,-1.119047],[-45.798437,-1.126644]]],[[[-45.794195,-1.188348],[-45.794195,-1.188348],[-45.794195,-1.188348]]],[[[-45.55761,-1.328899],[-45.55761,-1.328899],[-45.55761,-1.328899]]],[[[-45.090045,-1.41925],[-45.074264,-1.389667],[-45.090045,-1.41925]]],[[[-45.096906,-1.468196],[-45.096906,-1.468196]]],[[[-45.036117,-1.390365],[-45.036117,-1.390365]]],[[[-44.749242,-1.692028],[-44.749242,-1.692028]]],[[[-45.685098,-1.296817],[-45.685098,-1.296817],[-45.685098,-1.296817]]],[[[-44.46838,-2.075885],[-44.46838,-2.075885]]],[[[-44.480207,-2.106097],[-44.485364,-2.113355],[-44.480207,-2.106097]]],[[[-45.397623,-1.395383],[-45.397623,-1.395383]]],[[[-45.071731,-1.446252],[-45.071731,-1.446252]]],[[[-44.722809,-1.661879],[-44.722809,-1.661879]]],[[[-44.445095,-2.025063],[-44.445095,-2.025063]]],[[[-44.622565,-1.812089],[-44.622565,-1.812089]]],[[[-45.089187,-1.431686],[-45.089187,-1.431686]]],[[[-45.515138,-1.406052],[-45.515138,-1.406052]]],[[[-45.047764,-1.327364],[-45.047764,-1.327364]]],[[[-45.790641,-1.247342],[-45.790641,-1.247342]]],[[[-45.002047,-1.40122],[-45.002047,-1.40122]]],[[[-44.613755,-1.830106],[-44.613755,-1.830106]]],[[[-45.626304,-1.318555],[-45.626304,-1.318555]]],[[[-44.830968,-1.56042],[-44.830968,-1.56042]]],[[[-45.561853,-1.260879],[-45.561853,-1.260879]]],[[[-42.750055,-2.544329],[-42.750055,-2.544329]]],[[[-44.00926,-2.399591],[-44.00926,-2.399591]]],[[[-44.611386,-1.784215],[-44.611386,-1.784215]]],[[[-45.640329,-1.31059],[-45.640329,-1.31059]]],[[[-45.653755,-1.361002],[-45.653755,-1.361002]]],[[[-45.641958,-1.247054],[-45.641958,-1.247054]]],[[[-44.016162,-2.399002],[-44.016162,-2.399002]]],[[[-45.139127,-1.46854],[-45.139127,-1.46854]]],[[[-44.775734,-1.568849],[-44.775734,-1.568849]]],[[[-44.875674,-1.339903],[-44.875674,-1.339903]]],[[[-45.040618,-1.392734],[-45.040618,-1.392734]]],[[[-45.135795,-1.488631],[-45.135795,-1.488631]]],[[[-44.45765,-2.13373],[-44.45765,-2.13373]]],[[[-45.815989,-1.258576],[-45.815989,-1.258576]]],[[[-47.031325,-8.98013],[-47.031325,-8.98013]]],[[[-45.1083,-1.4003],[-45.103678,-1.402188],[-45.106269,-1.406017],[-45.1083,-1.4003]]],[[[-45.11103,-1.390738],[-45.10648,-1.393977],[-45.108271,-1.396702],[-45.11103,-1.390738]]],[[[-45.558671,-1.2604],[-45.555963,-1.257209],[-45.555095,-1.26079],[-45.558671,-1.2604]]],[[[-44.756861,-1.592813],[-44.755316,-1.58709],[-44.754158,-1.590024],[-44.756861,-1.592813]]],[[[-45.76409,-1.187979],[-45.761794,-1.185552],[-45.760822,-1.189251],[-45.76409,-1.187979]]]]}},{"type":"Feature","properties":{"uf":"MG","nome":"Minas Gerais"},"geometry":{"type":"MultiPolygon","coordinates":[[[[-44.208858,-14.244127],[-44.1356,-14.274271],[-44.090392,-14.270969],[-44.068019,-14.279281],[-44.015059,-14.272812],[-43.964146,-14.284729],[-43.926018,-14.305227],[-43.901244,-14.298282],[-43.851041,-14.313127],[-43.821411,-14.320661],[-43.792293,-14.336109],[-43.876765,-14.562893],[-43.870631,-14.621659],[-43.883097,-14.652781],[-43.800096,-14.68687],[-43.717782,-14.710829],[-43.673387,-14.729135],[-43.605651,-14.759013],[-43.530985,-14.814849],[-43.485059,-14.790701],[-43.460864,-14.745777],[-43.398623,-14.709771],[-43.282441,-14.671281],[-43.157662,-14.661711],[-43.08337,-14.697544],[-43.02641,-14.693091],[-42.934576,-14.722622],[-42.899572,-14.755344],[-42.849412,-14.794588],[-42.72534,-14.878822],[-42.679452,-14.902876],[-42.613033,-14.937274],[-42.534483,-14.966129],[-42.442519,-15.060152],[-42.315349,-15.098737],[-42.227033,-15.098809],[-42.153477,-15.110107],[-42.0729,-15.175247],[-41.917314,-15.160177],[-41.80898,-15.100642],[-41.327282,-15.741102],[-41.198157,-15.74882],[-41.092498,-15.738218],[-40.985082,-15.692862],[-40.913921,-15.660554],[-40.831166,-15.670319],[-40.769453,-15.711843],[-40.698962,-15.668161],[-40.632075,-15.717087],[-40.570991,-15.783905],[-40.49448,-15.765436],[-40.414187,-15.806077],[-40.371101,-15.813908],[-40.294014,-15.816152],[-40.230254,-15.804283],[-40.214518,-15.835302],[-40.185406,-15.861961],[-40.153714,-15.90099],[-40.094842,-15.899317],[-40.068454,-15.933447],[-40.06423,-15.955045],[-40.028552,-15.979432],[-40.001417,-15.995951],[-39.963563,-16.004856],[-39.925535,-16.012995],[-39.877012,-16.091144],[-39.88688,-16.150508],[-39.919706,-16.263269],[-39.971879,-16.318656],[-40.028243,-16.373861],[-40.083587,-16.463457],[-40.139901,-16.495096],[-40.161667,-16.552531],[-40.211643,-16.572642],[-40.287242,-16.597101],[-40.310185,-16.718815],[-40.294231,-16.796172],[-40.25143,-16.848559],[-40.30733,-16.896311],[-40.391141,-16.887142],[-40.459489,-16.878234],[-40.552182,-17.019155],[-40.565589,-17.183472],[-40.547353,-17.283229],[-40.602342,-17.340285],[-40.607469,-17.417569],[-40.505117,-17.475132],[-40.485824,-17.526338],[-40.411724,-17.588513],[-40.370011,-17.615554],[-40.30776,-17.665062],[-40.270802,-17.726204],[-40.215357,-17.77075],[-40.177295,-17.855143],[-40.228743,-17.978185],[-40.309556,-17.942096],[-40.372747,-17.927164],[-40.463787,-17.92772],[-40.584138,-17.927894],[-40.625541,-17.98885],[-40.687301,-18.011951],[-40.771166,-17.98791],[-40.824571,-17.963217],[-40.890771,-17.982553],[-40.832105,-18.150673],[-40.888608,-18.123535],[-40.940112,-18.135969],[-40.987645,-18.156176],[-41.055643,-18.166124],[-41.101795,-18.218722],[-41.138885,-18.288502],[-41.159197,-18.380977],[-41.175153,-18.443306],[-41.043742,-18.625783],[-41.004825,-18.666792],[-40.926209,-18.787694],[-40.962919,-18.837111],[-41.120798,-18.809146],[-41.239321,-18.846382],[-41.199132,-18.862385],[-41.126445,-18.89402],[-41.078842,-18.93805],[-41.045589,-18.974706],[-41.062737,-19.038815],[-41.014375,-19.089771],[-40.962491,-19.12107],[-40.940685,-19.180084],[-40.940755,-19.23167],[-40.934527,-19.271265],[-40.91428,-19.317693],[-40.956734,-19.398334],[-40.950984,-19.46517],[-41.049257,-19.502529],[-41.071512,-19.583916],[-41.119216,-19.640905],[-41.175781,-19.708355],[-41.172899,-19.783369],[-41.203821,-19.902037],[-41.288164,-19.939441],[-41.316852,-20.026474],[-41.345903,-20.102977],[-41.373685,-20.167665],[-41.756678,-20.213402],[-41.779229,-20.282073],[-41.825265,-20.31939],[-41.834665,-20.409337],[-41.810376,-20.514907],[-41.845333,-20.606268],[-41.811046,-20.637055],[-41.847561,-20.686051],[-41.864945,-20.721519],[-41.878394,-20.778226],[-41.942396,-20.855829],[-41.971383,-20.915761],[-42.045762,-20.932745],[-42.121456,-20.959243],[-42.116597,-21.002093],[-42.100705,-21.033966],[-42.157774,-21.101328],[-42.192356,-21.163956],[-42.202228,-21.217734],[-42.228571,-21.283935],[-42.232197,-21.353661],[-42.260401,-21.409586],[-42.284771,-21.443891],[-42.29421,-21.524764],[-42.345826,-21.582492],[-42.346272,-21.642482],[-42.316199,-21.654661],[-42.271571,-21.70305],[-42.376363,-21.748007],[-42.593651,-21.851782],[-42.680654,-21.879106],[-42.748967,-21.912292],[-42.823782,-21.940915],[-42.965995,-22.014429],[-43.035271,-22.068729],[-43.122447,-22.090354],[-43.133601,-22.030326],[-43.204921,-22.034874],[-43.26199,-22.008036],[-43.3201,-22.006428],[-43.436769,-22.058915],[-43.524116,-22.069497],[-43.59924,-22.058511],[-43.652151,-22.066616],[-43.709458,-22.081068],[-43.755798,-22.076483],[-43.810676,-22.085526],[-43.879931,-22.10834],[-43.987905,-22.149678],[-44.072146,-22.164465],[-44.122682,-22.187772],[-44.153239,-22.226454],[-44.201268,-22.251066],[-44.250372,-22.260194],[-44.291078,-22.242562],[-44.36052,-22.252597],[-44.437987,-22.257818],[-44.500625,-22.303239],[-44.571239,-22.323652],[-44.645825,-22.364644],[-44.711428,-22.368242],[-44.767955,-22.380351],[-44.80766,-22.412813],[-44.939632,-22.452169],[-45.040104,-22.468771],[-45.163802,-22.526642],[-45.25812,-22.592691],[-45.360515,-22.638262],[-45.437048,-22.611242],[-45.499968,-22.6256],[-45.581405,-22.651841],[-45.584331,-22.615008],[-45.667687,-22.609147],[-45.726597,-22.588602],[-45.693546,-22.651209],[-45.766788,-22.67893],[-45.756658,-22.720836],[-45.712071,-22.768564],[-45.722327,-22.815816],[-45.768148,-22.843871],[-45.829057,-22.834387],[-45.875443,-22.87358],[-45.922135,-22.823553],[-45.97671,-22.865108],[-46.108218,-22.904962],[-46.185048,-22.868692],[-46.295,-22.897102],[-46.375609,-22.871947],[-46.361242,-22.788444],[-46.37589,-22.745498],[-46.436788,-22.730489],[-46.472547,-22.69107],[-46.420679,-22.662972],[-46.405595,-22.640081],[-46.419577,-22.584388],[-46.43907,-22.534243],[-46.535607,-22.487262],[-46.571841,-22.452382],[-46.622226,-22.437018],[-46.660474,-22.365546],[-46.693491,-22.342916],[-46.722804,-22.306125],[-46.691717,-22.246851],[-46.668133,-22.174601],[-46.616937,-22.126452],[-46.700015,-22.094681],[-46.661115,-22.064111],[-46.653648,-22.015314],[-46.623449,-21.992046],[-46.660867,-21.897643],[-46.668101,-21.809148],[-46.625579,-21.765715],[-46.571237,-21.681649],[-46.515524,-21.6055],[-46.52009,-21.533013],[-46.519109,-21.461542],[-46.581312,-21.430897],[-46.63804,-21.403288],[-46.682955,-21.375771],[-46.755085,-21.379768],[-46.791308,-21.373194],[-46.859428,-21.393907],[-46.914657,-21.420492],[-46.958989,-21.421962],[-46.999242,-21.42054],[-46.996436,-21.356922],[-47.036423,-21.293816],[-47.070355,-21.221351],[-47.121212,-21.17031],[-47.14183,-21.087743],[-47.150517,-21.005732],[-47.192111,-20.941569],[-47.218849,-20.795729],[-47.172667,-20.711432],[-47.101987,-20.669664],[-47.12555,-20.589983],[-47.211031,-20.501816],[-47.289292,-20.433509],[-47.290096,-20.399374],[-47.288982,-20.337045],[-47.252417,-20.263158],[-47.330921,-20.113767],[-47.42506,-20.017219],[-47.497144,-19.971131],[-47.613532,-20.041631],[-47.733223,-19.987452],[-47.870722,-20.037605],[-47.938336,-20.099446],[-48.02525,-20.118671],[-48.167274,-20.10334],[-48.251289,-20.081346],[-48.307153,-20.118244],[-48.490648,-20.137649],[-48.662373,-20.166217],[-48.849586,-20.177226],[-48.879548,-20.347811],[-48.968425,-20.393266],[-49.062878,-20.15245],[-49.217187,-20.303227],[-49.296087,-20.016377],[-49.264697,-19.961567],[-49.487009,-19.954758],[-49.711724,-19.930789],[-49.904513,-19.938576],[-50.210208,-19.867477],[-50.372419,-19.844908],[-50.561542,-19.813115],[-50.783115,-19.936761],[-50.896499,-19.989683],[-50.999985,-20.084914],[-51.000118,-19.913463],[-51.038007,-19.719067],[-50.946055,-19.591223],[-50.948953,-19.470587],[-50.860144,-19.391621],[-50.743476,-19.214497],[-50.645111,-19.133467],[-50.496986,-19.026205],[-50.441094,-18.890323],[-50.30888,-18.697987],[-50.063797,-18.652905],[-49.962552,-18.616148],[-49.855897,-18.622541],[-49.756767,-18.608735],[-49.639648,-18.599759],[-49.549585,-18.540976],[-49.49038,-18.49933],[-49.370528,-18.62763],[-49.243627,-18.505831],[-49.185409,-18.415965],[-49.095722,-18.404479],[-48.995529,-18.370477],[-48.917288,-18.305412],[-48.800391,-18.361098],[-48.691531,-18.347135],[-48.553748,-18.339991],[-48.453738,-18.360965],[-48.342065,-18.370478],[-48.226358,-18.3453],[-48.128236,-18.415659],[-48.01315,-18.444229],[-47.964501,-18.476892],[-47.904155,-18.47025],[-47.865178,-18.452388],[-47.829437,-18.412953],[-47.747947,-18.411079],[-47.701923,-18.378673],[-47.632853,-18.333057],[-47.618831,-18.254664],[-47.583022,-18.229926],[-47.533288,-18.23024],[-47.485263,-18.186297],[-47.428337,-18.138819],[-47.394711,-18.123138],[-47.346426,-18.087774],[-47.283547,-18.040482],[-47.319348,-17.985512],[-47.341856,-17.919731],[-47.366476,-17.834909],[-47.35135,-17.795054],[-47.34228,-17.743996],[-47.269967,-17.67401],[-47.306175,-17.557998],[-47.413753,-17.521062],[-47.50372,-17.485524],[-47.525656,-17.428182],[-47.538375,-17.388339],[-47.519154,-17.356233],[-47.463827,-17.355046],[-47.432025,-17.319661],[-47.421145,-17.270791],[-47.38609,-17.249347],[-47.360396,-17.204159],[-47.348366,-17.182184],[-47.302531,-17.15399],[-47.275167,-17.1205],[-47.24773,-17.098096],[-47.225238,-17.080776],[-47.191194,-17.066004],[-47.179866,-17.034615],[-47.156651,-17.034208],[-47.143703,-17.003347],[-47.151205,-16.967042],[-47.173928,-16.932431],[-47.194179,-16.886884],[-47.205517,-16.839409],[-47.21862,-16.796508],[-47.222696,-16.729252],[-47.258508,-16.678519],[-47.277683,-16.649788],[-47.302217,-16.627543],[-47.337509,-16.611207],[-47.375727,-16.598776],[-47.408719,-16.566371],[-47.425927,-16.547884],[-47.454708,-16.494697],[-47.428653,-16.433039],[-47.36954,-16.332394],[-47.334354,-16.256679],[-47.329517,-16.195456],[-47.342025,-16.159663],[-47.341041,-16.121313],[-47.322874,-16.087113],[-47.308609,-16.035491],[-47.253633,-16.018739],[-47.207322,-15.996922],[-47.186492,-15.970854],[-47.149205,-15.938236],[-47.12562,-15.943631],[-46.805651,-15.86843],[-46.842014,-15.714219],[-46.945905,-15.559727],[-46.847504,-15.346292],[-46.93463,-15.224353],[-46.898589,-15.093125],[-46.752822,-15.0323],[-46.592965,-15.08361],[-46.525305,-15.009063],[-46.541909,-14.895581],[-46.562984,-14.798529],[-46.509285,-14.715623],[-46.446928,-14.731233],[-46.365188,-14.794944],[-46.31838,-14.847076],[-46.292476,-14.917428],[-46.210872,-14.93652],[-46.119541,-14.920174],[-46.036986,-14.873636],[-45.973809,-14.995106],[-46.044713,-15.141716],[-46.118483,-15.201631],[-46.055543,-15.251667],[-46.000488,-15.195555],[-45.962682,-15.146675],[-45.827435,-15.122344],[-45.738784,-15.116824],[-45.693336,-15.088423],[-45.646523,-15.031251],[-45.593925,-14.982365],[-45.520394,-14.952966],[-45.442072,-14.934806],[-45.355145,-14.87706],[-45.316728,-14.831551],[-45.273989,-14.811054],[-45.228842,-14.765277],[-45.163182,-14.731937],[-45.039531,-14.690439],[-44.973518,-14.651656],[-44.941492,-14.62606],[-44.875796,-14.596021],[-44.853712,-14.566693],[-44.831649,-14.526174],[-44.817841,-14.489751],[-44.762431,-14.47774],[-44.72486,-14.455427],[-44.687434,-14.421096],[-44.651124,-14.396829],[-44.616181,-14.374694],[-44.564154,-14.348158],[-44.515936,-14.327386],[-44.470442,-14.315574],[-44.396736,-14.273034],[-44.352482,-14.265739],[-44.316068,-14.239909],[-44.254012,-14.251609],[-44.209415,-14.236206],[-44.208858,-14.244127]]]]}},{"type":"Feature","properties":{"uf":"MS","nome":"Mato Grosso do Sul"},"geometry":{"type":"MultiPolygon","coordinates":[[[[-53.874059,-17.921778],[-53.843608,-17.934933],[-53.818737,-17.95792],[-53.797317,-17.976099],[-53.729945,-17.999855],[-53.689848,-18.00203],[-53.609575,-17.988518],[-53.552143,-18.014674],[-53.465874,-18.0239],[-53.429767,-17.98614],[-53.342091,-18.00784],[-53.190025,-18.035852],[-53.135529,-18.115448],[-53.069433,-18.342428],[-52.93611,-18.297792],[-52.761401,-18.370856],[-52.961848,-18.540364],[-52.920625,-18.612944],[-52.827153,-18.671436],[-52.718081,-18.690819],[-52.592368,-18.689436],[-52.50028,-18.67482],[-52.398096,-18.76132],[-52.367946,-18.795295],[-52.308535,-18.839257],[-52.207455,-18.84967],[-52.173875,-18.857811],[-52.136957,-18.889457],[-52.090136,-18.935261],[-52.036767,-18.960931],[-51.995684,-18.97253],[-51.95169,-18.975341],[-51.902664,-18.993734],[-51.848287,-19.046417],[-51.795924,-19.066161],[-51.759005,-19.088113],[-51.712677,-19.102371],[-51.62025,-19.137184],[-51.550321,-19.139765],[-51.493432,-19.162533],[-51.428659,-19.169202],[-51.369511,-19.200204],[-51.307323,-19.218068],[-51.248278,-19.268669],[-51.200373,-19.264453],[-51.098072,-19.307335],[-51.053124,-19.335393],[-51.030236,-19.400973],[-50.951525,-19.442394],[-50.927036,-19.549965],[-51.011103,-19.650232],[-51.031784,-19.793382],[-51.005546,-20.024829],[-51.048322,-20.198106],[-51.308098,-20.333601],[-51.410522,-20.460112],[-51.576217,-20.624854],[-51.629876,-20.851414],[-51.771635,-21.048282],[-51.87526,-21.180571],[-51.919202,-21.421793],[-52.102787,-21.558588],[-52.102396,-21.744795],[-52.263189,-21.911822],[-52.479454,-22.200405],[-52.69462,-22.314133],[-53.004139,-22.503407],[-53.201436,-22.728292],[-53.439733,-22.836967],[-53.6069,-22.950856],[-53.684907,-23.205187],[-53.96056,-23.443681],[-54.050362,-23.686817],[-54.099323,-23.945986],[-54.295924,-24.0567],[-54.337404,-24.003347],[-54.392444,-23.972821],[-54.432537,-23.910442],[-54.503747,-23.883868],[-54.547489,-23.869763],[-54.59162,-23.841118],[-54.647023,-23.832298],[-54.690787,-23.833475],[-54.748911,-23.859368],[-54.80462,-23.878044],[-54.849254,-23.894768],[-54.901472,-23.909221],[-54.936587,-23.962099],[-54.997931,-23.955913],[-55.053134,-23.983891],[-55.096909,-23.971406],[-55.149053,-23.987536],[-55.197202,-23.987899],[-55.270268,-23.984463],[-55.321338,-23.966626],[-55.375263,-23.979589],[-55.418665,-23.958944],[-55.440191,-23.910761],[-55.442598,-23.823159],[-55.439436,-23.765411],[-55.446278,-23.71249],[-55.472656,-23.657636],[-55.507584,-23.632799],[-55.52955,-23.585568],[-55.539718,-23.524336],[-55.541941,-23.455137],[-55.506464,-23.380753],[-55.54068,-23.328118],[-55.547187,-23.27425],[-55.543059,-23.224753],[-55.542525,-23.179723],[-55.57397,-23.143164],[-55.60487,-23.096996],[-55.629871,-23.029322],[-55.637243,-22.961213],[-55.649283,-22.909558],[-55.661482,-22.860838],[-55.655476,-22.808053],[-55.623907,-22.766587],[-55.612335,-22.715376],[-55.613554,-22.660306],[-55.660625,-22.602597],[-55.694493,-22.566692],[-55.747745,-22.500103],[-55.735626,-22.442654],[-55.756098,-22.385523],[-55.799098,-22.366405],[-55.834717,-22.309411],[-55.911524,-22.278359],[-55.976028,-22.283519],[-56.029457,-22.28407],[-56.087871,-22.284441],[-56.128202,-22.278813],[-56.170097,-22.285026],[-56.212452,-22.273146],[-56.254256,-22.237229],[-56.292762,-22.220517],[-56.343309,-22.179199],[-56.366666,-22.135751],[-56.391963,-22.094835],[-56.426252,-22.079962],[-56.454249,-22.081751],[-56.490114,-22.093826],[-56.523871,-22.131797],[-56.54283,-22.163162],[-56.563559,-22.200394],[-56.593007,-22.216997],[-56.626108,-22.245454],[-56.643735,-22.262307],[-56.68775,-22.222313],[-56.71034,-22.248709],[-56.745149,-22.234993],[-56.777564,-22.25764],[-56.80166,-22.262704],[-56.845821,-22.297265],[-56.87683,-22.256319],[-56.920635,-22.255605],[-56.969158,-22.240341],[-57.006318,-22.232962],[-57.058805,-22.229586],[-57.088828,-22.243262],[-57.140139,-22.2288],[-57.182912,-22.229026],[-57.213098,-22.222227],[-57.265573,-22.236628],[-57.297105,-22.221145],[-57.328144,-22.23638],[-57.357011,-22.227517],[-57.386497,-22.207693],[-57.424349,-22.203186],[-57.45823,-22.187251],[-57.490761,-22.181572],[-57.539715,-22.179364],[-57.585498,-22.153894],[-57.602184,-22.13048],[-57.623852,-22.099673],[-57.702818,-22.098994],[-57.738641,-22.115405],[-57.777377,-22.125962],[-57.82036,-22.128304],[-57.883422,-22.130894],[-57.932291,-22.103881],[-57.967671,-22.089209],[-57.991229,-22.055357],[-57.967587,-22.009166],[-57.937832,-21.910424],[-57.927958,-21.867435],[-57.922562,-21.808618],[-57.93982,-21.734229],[-57.890471,-21.677244],[-57.932048,-21.610842],[-57.961093,-21.555923],[-57.950783,-21.502033],[-57.907025,-21.415762],[-57.85061,-21.322467],[-57.90911,-21.268971],[-57.85135,-21.174926],[-57.847322,-21.093438],[-57.853588,-21.027783],[-57.823418,-20.960116],[-57.866343,-20.943963],[-57.913706,-20.903043],[-57.864609,-20.847842],[-57.921073,-20.79485],[-57.944635,-20.75792],[-57.863256,-20.745348],[-57.924705,-20.662088],[-57.984592,-20.701208],[-57.99883,-20.626331],[-57.9982,-20.568494],[-57.994275,-20.45409],[-58.039717,-20.398266],[-58.100371,-20.321333],[-58.121499,-20.251227],[-58.163489,-20.229527],[-58.141062,-20.179465],[-58.129588,-20.148813],[-58.064727,-20.10585],[-57.998349,-20.055684],[-57.914436,-20.034066],[-58.131162,-19.757998],[-57.704964,-18.984706],[-57.455607,-18.227416],[-57.490227,-18.201605],[-57.719491,-17.771229],[-57.75484,-17.676149],[-57.773806,-17.625727],[-57.782458,-17.593168],[-57.794963,-17.559944],[-57.733515,-17.532591],[-57.687539,-17.628294],[-57.678298,-17.657728],[-57.67115,-17.727894],[-57.615828,-17.752288],[-57.570909,-17.814955],[-57.47713,-17.878443],[-57.403233,-17.849503],[-57.352919,-17.837421],[-57.292298,-17.818774],[-57.251488,-17.793018],[-57.13021,-17.774045],[-57.065251,-17.734675],[-57.005235,-17.670992],[-56.97543,-17.595522],[-56.902702,-17.535247],[-56.849707,-17.486344],[-56.830554,-17.435118],[-56.788062,-17.378959],[-56.737704,-17.322476],[-56.682651,-17.316127],[-56.641815,-17.330087],[-56.605153,-17.328319],[-56.526011,-17.31938],[-56.472595,-17.309571],[-56.432069,-17.31815],[-56.361314,-17.270748],[-56.298621,-17.275618],[-56.256023,-17.243354],[-56.220405,-17.228352],[-56.188622,-17.209931],[-56.135882,-17.188741],[-56.066249,-17.173901],[-56.018045,-17.20902],[-55.989388,-17.240802],[-55.954791,-17.256646],[-55.890349,-17.271894],[-55.841397,-17.300791],[-55.802817,-17.303493],[-55.721728,-17.348256],[-55.674662,-17.339904],[-55.640763,-17.338967],[-55.58882,-17.377916],[-55.575167,-17.418487],[-55.546919,-17.454587],[-55.523567,-17.480734],[-55.457986,-17.499249],[-55.411153,-17.513416],[-55.358097,-17.526019],[-55.296015,-17.550671],[-55.266568,-17.565588],[-55.242015,-17.601683],[-55.210794,-17.614617],[-55.174796,-17.633408],[-55.14232,-17.644729],[-55.079434,-17.633048],[-55.039896,-17.637354],[-55.010577,-17.632216],[-54.966954,-17.619958],[-54.86035,-17.623409],[-54.791069,-17.581847],[-54.725131,-17.516202],[-54.656214,-17.49646],[-54.567509,-17.473864],[-54.492238,-17.486971],[-54.466402,-17.52863],[-54.380958,-17.575238],[-54.373905,-17.608132],[-54.288001,-17.655093],[-54.199318,-17.614106],[-54.13922,-17.612007],[-54.072351,-17.593373],[-54.051456,-17.505252],[-53.972542,-17.471797],[-53.914093,-17.413969],[-53.797397,-17.28733],[-53.691953,-17.246019],[-53.798321,-17.670087],[-53.882615,-17.74327],[-53.941126,-17.848178],[-53.944934,-17.907833],[-53.907201,-17.914761],[-53.874059,-17.921778]]],[[[-53.872177,-17.916416],[-53.87182,-17.921417],[-53.874961,-17.918378],[-53.872177,-17.916416]]]]}},{"type":"Feature","properties":{"uf":"MT","nome":"Mato Grosso"},"geometry":{"type":"MultiPolygon","coordinates":[[[[-60.360833,-13.299324],[-60.323817,-13.228923],[-60.275782,-13.138527],[-60.256835,-13.061838],[-60.214749,-13.026575],[-60.169623,-12.969718],[-60.085994,-12.8983],[-60.087849,-12.721608],[-60.03923,-12.599059],[-59.935844,-12.494663],[-59.867949,-12.481961],[-59.819096,-12.389589],[-59.891778,-12.245054],[-59.916188,-12.096746],[-59.965177,-12.04584],[-59.97379,-11.975915],[-59.986503,-11.926202],[-60.037052,-11.895336],[-60.083335,-11.865741],[-60.100594,-11.835009],[-60.10232,-11.800201],[-60.10396,-11.77783],[-60.111844,-11.758856],[-60.117487,-11.702909],[-60.114372,-11.642748],[-60.11007,-11.595082],[-60.092275,-11.567613],[-60.05324,-11.533249],[-60.011688,-11.487275],[-59.925371,-11.415085],[-59.923987,-11.351871],[-59.967374,-11.252537],[-59.979875,-11.179194],[-59.976238,-11.121993],[-60.043184,-11.123529],[-60.11987,-11.106504],[-60.185068,-11.104038],[-60.28029,-11.091136],[-60.346344,-11.098787],[-60.406198,-11.070133],[-60.441158,-11.016401],[-61.550077,-10.981278],[-61.514438,-10.906818],[-61.510868,-10.828951],[-61.477926,-10.764305],[-61.491252,-10.675159],[-61.477207,-10.58982],[-61.47551,-10.454343],[-61.481902,-10.4004],[-61.526663,-10.330908],[-61.577066,-10.226201],[-61.586924,-10.162839],[-61.578155,-10.078861],[-61.538873,-9.963709],[-61.510216,-9.89271],[-61.546807,-9.787161],[-61.531877,-9.711395],[-61.487279,-9.626085],[-61.513218,-9.538929],[-61.568519,-9.476468],[-61.576078,-9.369969],[-61.611941,-9.280022],[-61.542772,-9.242912],[-61.55521,-9.129572],[-61.51183,-8.98202],[-61.525538,-8.816461],[-60.746961,-8.797465],[-58.415355,-8.792461],[-58.408584,-8.637335],[-58.415022,-8.514512],[-58.354477,-8.383967],[-58.327518,-8.285372],[-58.290542,-8.135931],[-58.324612,-8.003837],[-58.294332,-7.771928],[-58.201587,-7.620545],[-58.137919,-7.34866],[-57.933866,-7.656397],[-57.828313,-7.972516],[-57.643728,-8.22323],[-57.668254,-8.37085],[-57.638981,-8.512032],[-57.62338,-8.622313],[-57.463012,-8.784359],[-57.380234,-8.880739],[-57.137758,-8.994227],[-57.040981,-9.114707],[-57.033532,-9.209346],[-56.819594,-9.245953],[-56.769474,-9.380138],[-54.995058,-9.505018],[-51.304027,-9.771901],[-50.272246,-9.943902],[-50.354211,-10.076765],[-50.397627,-10.254016],[-50.482157,-10.489631],[-50.542522,-10.608916],[-50.576946,-10.727067],[-50.618578,-10.863685],[-50.618485,-10.998535],[-50.658631,-11.130351],[-50.67874,-11.294648],[-50.740187,-11.444721],[-50.658362,-11.617172],[-50.707393,-11.76782],[-50.639463,-11.893213],[-50.665456,-11.975035],[-50.667155,-12.064142],[-50.686406,-12.201735],[-50.640885,-12.337064],[-50.650855,-12.458446],[-50.673405,-12.599698],[-50.645879,-12.663372],[-50.635524,-12.771437],[-50.602843,-12.80004],[-50.502002,-12.87263],[-50.543288,-12.98477],[-50.605928,-13.056721],[-50.584228,-13.223158],[-50.666929,-13.387249],[-50.762984,-13.529582],[-50.853342,-13.765343],[-50.84303,-13.934041],[-50.849489,-14.110873],[-50.925725,-14.183301],[-50.986321,-14.445772],[-51.018541,-14.661071],[-51.0679,-14.809866],[-51.145486,-14.977018],[-51.337318,-14.972935],[-51.451931,-15.033615],[-51.617733,-15.164138],[-51.678316,-15.29022],[-51.692398,-15.432811],[-51.751573,-15.553829],[-51.831096,-15.743964],[-51.891779,-15.829845],[-52.057621,-15.886971],[-52.235287,-15.888531],[-52.288576,-15.96572],[-52.360391,-16.081898],[-52.500227,-16.142255],[-52.549753,-16.188709],[-52.567186,-16.258882],[-52.656567,-16.279723],[-52.67751,-16.381278],[-52.615653,-16.449746],[-52.621253,-16.500885],[-52.65036,-16.550693],[-52.67501,-16.584549],[-52.740323,-16.603467],[-52.739932,-16.656353],[-52.788112,-16.722528],[-52.835934,-16.769518],[-52.88804,-16.787064],[-52.943929,-16.812713],[-52.956735,-16.850346],[-53.005656,-16.863735],[-53.02412,-16.900795],[-53.044233,-16.953487],[-53.060244,-17.017422],[-53.065653,-17.051905],[-53.072601,-17.080487],[-53.091813,-17.09213],[-53.118626,-17.118581],[-53.140238,-17.163456],[-53.170705,-17.221614],[-53.218139,-17.298858],[-53.203709,-17.343022],[-53.200954,-17.371466],[-53.212119,-17.407245],[-53.241066,-17.492434],[-53.244084,-17.541019],[-53.240533,-17.581754],[-53.250347,-17.643762],[-53.241167,-17.686358],[-53.197822,-17.7392],[-53.160498,-17.789346],[-53.076485,-17.968245],[-53.212992,-18.015861],[-53.404667,-17.992887],[-53.449814,-17.992128],[-53.498622,-18.035457],[-53.570747,-18.009163],[-53.661959,-17.985575],[-53.700231,-18.005376],[-53.783823,-17.994832],[-53.805009,-17.967114],[-53.830313,-17.942391],[-53.849875,-17.928779],[-53.879323,-17.919593],[-53.933482,-17.914503],[-53.951816,-17.874718],[-53.906769,-17.789875],[-53.858557,-17.71357],[-53.733177,-17.662527],[-53.758573,-17.242697],[-53.857508,-17.364195],[-53.930593,-17.439003],[-54.030873,-17.481921],[-54.048901,-17.529497],[-54.111455,-17.613079],[-54.163384,-17.60706],[-54.221709,-17.619476],[-54.327292,-17.658364],[-54.379678,-17.593709],[-54.413204,-17.551082],[-54.47904,-17.507394],[-54.535819,-17.477141],[-54.618062,-17.489155],[-54.695897,-17.501784],[-54.757504,-17.547779],[-54.824486,-17.609233],[-54.945364,-17.611744],[-54.985565,-17.626043],[-55.021448,-17.634726],[-55.055078,-17.639363],[-55.108835,-17.629997],[-55.166601,-17.637402],[-55.189568,-17.624413],[-55.22738,-17.599207],[-55.254931,-17.579946],[-55.275079,-17.563725],[-55.329791,-17.549068],[-55.3861,-17.518662],[-55.432206,-17.511298],[-55.489574,-17.484697],[-55.53755,-17.462986],[-55.562263,-17.439782],[-55.585499,-17.397997],[-55.612899,-17.359412],[-55.654602,-17.347362],[-55.692707,-17.33945],[-55.768242,-17.325348],[-55.831212,-17.301172],[-55.879403,-17.272908],[-55.916926,-17.264006],[-55.977412,-17.249146],[-56.01026,-17.238603],[-56.048989,-17.171995],[-56.120319,-17.175214],[-56.162824,-17.194256],[-56.212489,-17.210175],[-56.252189,-17.231877],[-56.275707,-17.247635],[-56.346497,-17.280769],[-56.402325,-17.30585],[-56.458297,-17.312796],[-56.514928,-17.292387],[-56.570632,-17.31486],[-56.62884,-17.327805],[-56.66125,-17.326934],[-56.713015,-17.318354],[-56.764153,-17.347156],[-56.841486,-17.417751],[-56.831634,-17.463231],[-56.86607,-17.51502],[-56.963175,-17.570446],[-56.958921,-17.610559],[-57.032843,-17.694301],[-57.094732,-17.759846],[-57.200101,-17.788384],[-57.2643,-17.819909],[-57.316299,-17.820109],[-57.385149,-17.843835],[-57.438098,-17.871058],[-57.530491,-17.838673],[-57.604635,-17.778683],[-57.639765,-17.716921],[-57.672861,-17.681584],[-57.682184,-17.64663],[-57.701101,-17.577316],[-57.883044,-17.449215],[-58.028735,-17.495516],[-58.071378,-17.451529],[-58.13535,-17.41371],[-58.184381,-17.390202],[-58.219246,-17.359507],[-58.259451,-17.344909],[-58.287156,-17.300973],[-58.316698,-17.265509],[-58.345355,-17.232255],[-58.379883,-17.193053],[-58.38555,-17.110848],[-58.424591,-17.089506],[-58.421375,-17.050805],[-58.426904,-17.028053],[-58.430856,-16.990338],[-58.461134,-16.954011],[-58.468216,-16.923554],[-58.4626,-16.872958],[-58.476827,-16.815016],[-58.472795,-16.744689],[-58.462463,-16.651738],[-58.34924,-16.522293],[-58.344787,-16.393686],[-58.30401,-16.333827],[-58.351604,-16.270244],[-58.40775,-16.308682],[-60.171006,-16.265216],[-60.555848,-15.117757],[-60.319502,-14.608631],[-60.331447,-14.555344],[-60.341856,-14.522302],[-60.360762,-14.483717],[-60.383795,-14.441146],[-60.401448,-14.415669],[-60.39427,-14.383291],[-60.407117,-14.356134],[-60.425578,-14.341264],[-60.456435,-14.303688],[-60.454455,-14.238054],[-60.471052,-14.192334],[-60.474119,-14.153524],[-60.477067,-14.112175],[-60.446958,-14.085154],[-60.416711,-14.040922],[-60.394466,-13.993911],[-60.418053,-13.974082],[-60.42649,-13.942722],[-60.454714,-13.89684],[-60.465193,-13.874104],[-60.485925,-13.849755],[-60.487597,-13.823251],[-60.465063,-13.800325],[-60.518784,-13.780314],[-60.556975,-13.770414],[-60.583802,-13.746522],[-60.616919,-13.722899],[-60.659361,-13.734405],[-60.703971,-13.704187],[-60.696465,-13.666093],[-60.688521,-13.63309],[-60.658899,-13.60314],[-60.591957,-13.571137],[-60.50615,-13.501554],[-60.410987,-13.461249],[-60.378472,-13.39069],[-60.363237,-13.310361],[-60.360833,-13.299324]]],[[[-60.362687,-13.296129],[-60.360833,-13.299324],[-60.36443,-13.299534],[-60.362687,-13.296129]]]]}},{"type":"Feature","properties":{"uf":"PA","nome":"Par\u00e1"},"geometry":{"type":"MultiPolygon","coordinates":[[[[-46.951454,-0.73406],[-46.976148,-0.787575],[-46.946358,-0.798183],[-46.948214,-0.857539],[-46.919398,-0.859352],[-46.904291,-0.81339],[-46.887056,-0.781441],[-46.851651,-0.743329],[-46.831913,-0.779321],[-46.83761,-0.796043],[-46.833776,-0.827242],[-46.825526,-0.840581],[-46.811106,-0.867678],[-46.818584,-0.886936],[-46.789315,-0.896386],[-46.793944,-0.844729],[-46.765901,-0.817191],[-46.733027,-0.893993],[-46.72475,-0.844675],[-46.680832,-0.860155],[-46.685261,-0.806496],[-46.63769,-0.787938],[-46.615136,-0.825813],[-46.624694,-0.857622],[-46.633963,-0.884051],[-46.637541,-0.908525],[-46.6779,-0.955184],[-46.648815,-0.960599],[-46.598499,-0.96344],[-46.56141,-0.936534],[-46.541681,-0.961329],[-46.528468,-0.953448],[-46.51269,-0.896459],[-46.470525,-0.886467],[-46.449185,-0.862132],[-46.459441,-0.902906],[-46.477833,-0.93091],[-46.473885,-0.955882],[-46.469349,-1.002633],[-46.471545,-1.022682],[-46.451354,-1.027924],[-46.415974,-1.049398],[-46.406189,-1.043731],[-46.390025,-0.986811],[-46.377082,-1.033381],[-46.336357,-1.015445],[-46.305111,-1.083947],[-46.304697,-1.018505],[-46.300842,-1.014071],[-46.27491,-0.968333],[-46.253556,-0.947166],[-46.24685,-0.913252],[-46.186793,-0.932877],[-46.203389,-0.968271],[-46.251867,-0.997336],[-46.206244,-1.039284],[-46.276575,-1.168798],[-46.198309,-1.069802],[-46.155802,-1.023926],[-46.200914,-1.127032],[-46.18162,-1.119472],[-46.142246,-1.118452],[-46.089667,-1.032255],[-46.094374,-1.051371],[-46.097751,-1.195725],[-46.162483,-1.277969],[-46.120691,-1.372325],[-46.161953,-1.493712],[-46.159574,-1.624246],[-46.217796,-1.726688],[-46.32356,-1.765203],[-46.214901,-1.818131],[-46.258544,-2.042615],[-46.296106,-2.148594],[-46.357051,-2.226595],[-46.416863,-2.260026],[-46.453902,-2.383295],[-46.43811,-2.420952],[-46.4296,-2.497121],[-46.501435,-2.555656],[-46.561544,-2.627431],[-46.633354,-2.672761],[-46.67147,-2.710664],[-46.639862,-2.750173],[-46.599359,-2.804072],[-46.580639,-2.830086],[-46.617692,-2.858926],[-46.646,-2.884074],[-46.660604,-2.918431],[-46.661445,-2.972795],[-46.668082,-3.014069],[-46.679441,-3.09319],[-46.729146,-3.120989],[-46.737295,-3.159786],[-46.76444,-3.197581],[-46.781799,-3.240521],[-46.809086,-3.278894],[-46.851305,-3.329073],[-46.887415,-3.335122],[-46.923415,-3.363886],[-46.943464,-3.389856],[-46.949295,-3.436482],[-46.968882,-3.473502],[-46.97983,-3.518866],[-47.018179,-3.548234],[-47.029662,-3.600119],[-47.046939,-3.645605],[-47.061133,-3.72889],[-47.077826,-3.811329],[-47.116526,-3.877613],[-47.170793,-3.932942],[-47.196473,-3.973678],[-47.267026,-4.025285],[-47.302933,-4.052104],[-47.337949,-4.094268],[-47.342067,-4.16801],[-47.370704,-4.209281],[-47.397214,-4.260699],[-47.441221,-4.286422],[-47.487948,-4.366096],[-47.607539,-4.548365],[-47.714855,-4.602679],[-47.804693,-4.597007],[-48.437155,-5.083202],[-48.680111,-5.37839],[-48.464149,-5.411922],[-48.345927,-5.437472],[-48.278269,-5.540039],[-48.137715,-5.60232],[-48.294112,-5.756302],[-48.25152,-5.960001],[-48.28535,-6.07001],[-48.408785,-6.153844],[-48.411609,-6.305688],[-48.447265,-6.350802],[-48.626096,-6.477762],[-48.664412,-6.662383],[-48.926235,-6.761649],[-49.171494,-6.892554],[-49.194831,-7.025883],[-49.232206,-7.326852],[-49.341196,-7.656879],[-49.160293,-7.79098],[-49.181579,-7.976573],[-49.203413,-8.139617],[-49.312848,-8.402504],[-49.47091,-8.647703],[-49.612214,-8.845834],[-49.84988,-9.04632],[-49.957688,-9.22034],[-50.065076,-9.400401],[-50.106876,-9.572106],[-50.150547,-9.695208],[-50.224346,-9.840752],[-54.33555,-9.554878],[-56.753757,-9.405974],[-56.793587,-9.292159],[-57.007703,-9.222926],[-57.055916,-9.147409],[-57.090505,-9.033249],[-57.30998,-8.892426],[-57.450564,-8.786037],[-57.612749,-8.654572],[-57.633165,-8.523515],[-57.686037,-8.406626],[-57.661736,-8.2665],[-57.72792,-8.093836],[-57.904713,-7.666215],[-58.06625,-7.390902],[-58.199149,-7.1554],[-58.326345,-6.999658],[-58.462364,-6.836908],[-58.331785,-6.53263],[-57.018401,-3.797953],[-56.417854,-2.449212],[-56.412252,-2.321375],[-56.097871,-2.029183],[-56.227872,-2.055883],[-56.320855,-2.142608],[-56.460538,-2.157216],[-56.569088,-2.174418],[-56.634919,-2.203259],[-56.768032,-2.165412],[-56.766486,-2.00836],[-56.960617,-1.952634],[-57.055557,-1.864401],[-57.105855,-1.782666],[-57.175266,-1.727691],[-57.230234,-1.725585],[-57.273889,-1.7094],[-57.400533,-1.712274],[-57.439422,-1.688153],[-57.501143,-1.652034],[-57.59287,-1.59936],[-57.678165,-1.594003],[-57.737838,-1.504761],[-57.796783,-1.485418],[-57.845805,-1.429175],[-57.959836,-1.40124],[-57.997476,-1.320086],[-57.971508,-1.162238],[-58.093778,-1.160176],[-58.194089,-1.199373],[-58.336043,-1.122798],[-58.398927,-1.04344],[-58.414671,-0.974615],[-58.458526,-0.863663],[-58.507858,-0.832978],[-58.590533,-0.772585],[-58.67821,-0.692064],[-58.73148,-0.62703],[-58.709637,-0.538231],[-58.754514,-0.412914],[-58.823485,-0.373644],[-58.862577,-0.160612],[-58.893506,-0.023673],[-58.880218,1.227737],[-58.868997,1.209827],[-58.826256,1.187551],[-58.790947,1.190882],[-58.747042,1.208674],[-58.717131,1.240851],[-58.693022,1.296219],[-58.654766,1.286779],[-58.607803,1.275201],[-58.577175,1.275776],[-58.539025,1.286898],[-58.518711,1.26274],[-58.495734,1.26844],[-58.475625,1.308923],[-58.457381,1.371881],[-58.479155,1.390593],[-58.500433,1.425296],[-58.490632,1.46631],[-58.453493,1.460572],[-58.402388,1.470853],[-58.388016,1.494696],[-58.39099,1.531341],[-58.349218,1.564623],[-58.316015,1.576409],[-58.276052,1.569248],[-58.235683,1.547443],[-58.183322,1.565697],[-58.145572,1.515786],[-58.085294,1.515224],[-58.048204,1.523043],[-58.018145,1.508906],[-57.9903,1.541415],[-57.9795,1.576607],[-57.984738,1.617203],[-58.001823,1.649926],[-57.949681,1.647917],[-57.894494,1.67476],[-57.859327,1.672021],[-57.827021,1.685523],[-57.794844,1.706849],[-57.766236,1.723035],[-57.728539,1.720063],[-57.696627,1.72124],[-57.67191,1.703598],[-57.63241,1.691899],[-57.583529,1.702487],[-57.537135,1.70097],[-57.524573,1.727345],[-57.504913,1.758131],[-57.484618,1.800363],[-57.44934,1.813073],[-57.43312,1.85794],[-57.415028,1.911429],[-57.36553,1.929361],[-57.359698,1.960687],[-57.312692,1.977704],[-57.272003,1.973482],[-57.239218,1.944554],[-57.212646,1.963747],[-57.16876,1.993376],[-57.138097,2.001586],[-57.111135,2.029963],[-57.076856,2.005252],[-57.068906,1.965657],[-57.024087,1.93542],[-56.980043,1.90592],[-56.947978,1.92034],[-56.906714,1.910913],[-56.851308,1.891528],[-56.812573,1.876168],[-56.788104,1.864589],[-56.753486,1.895611],[-56.720434,1.926259],[-56.677193,1.91498],[-56.634836,1.937746],[-56.597577,1.937287],[-56.557871,1.914452],[-56.521134,1.929338],[-56.47577,1.952119],[-56.432631,1.948137],[-56.388225,1.930864],[-56.334369,1.937618],[-56.302175,1.912203],[-56.24807,1.878946],[-56.19834,1.893045],[-56.167975,1.888552],[-56.131964,1.870417],[-56.092956,1.851431],[-56.049365,1.851383],[-56.009462,1.836731],[-55.962477,1.846916],[-55.933609,1.872109],[-55.911746,1.914342],[-55.92478,1.957381],[-55.913145,1.991094],[-55.921017,2.053849],[-55.948129,2.092217],[-55.976737,2.119168],[-55.990366,2.152594],[-56.048378,2.182797],[-56.045184,2.230145],[-56.092781,2.247784],[-56.13831,2.266264],[-56.106605,2.318812],[-56.088478,2.364557],[-56.05992,2.352052],[-56.026339,2.347623],[-56.022655,2.391395],[-55.985175,2.434415],[-55.99783,2.461969],[-55.982583,2.499584],[-55.953334,2.531576],[-55.909642,2.520561],[-55.880229,2.489413],[-55.837841,2.46324],[-55.80046,2.457688],[-55.76191,2.443564],[-55.74236,2.409617],[-55.694684,2.421082],[-55.647529,2.418142],[-55.586229,2.433036],[-55.517194,2.437539],[-55.234241,2.503847],[-54.915093,2.494871],[-54.793756,2.31304],[-54.794384,2.240666],[-54.786596,2.164177],[-54.806617,2.116129],[-54.810844,2.039744],[-54.755373,1.960612],[-54.752612,1.872145],[-54.745954,1.786759],[-54.650535,1.771756],[-54.570569,1.779019],[-54.495456,1.747252],[-54.424174,1.76075],[-54.343863,1.744981],[-54.308158,1.729688],[-54.278164,1.708713],[-54.243958,1.67644],[-54.18173,1.658384],[-54.133009,1.617451],[-54.10987,1.575297],[-54.077478,1.486001],[-53.999041,1.505081],[-53.928278,1.469491],[-53.892763,1.443692],[-53.850596,1.398838],[-53.791208,1.416982],[-53.714929,1.405689],[-53.682564,1.384667],[-53.652691,1.355178],[-53.532905,1.322743],[-53.545842,1.228822],[-53.416958,1.20309],[-53.456763,1.138608],[-53.425785,1.024032],[-53.357663,0.892498],[-53.213929,0.786046],[-53.136371,0.693237],[-53.147678,0.552374],[-53.15925,0.408414],[-53.093815,0.195629],[-53.024532,0.102771],[-52.965042,-0.052843],[-52.844292,-0.159404],[-52.695477,-0.371676],[-52.676647,-0.51895],[-52.528704,-0.581252],[-52.501353,-0.746434],[-52.506497,-0.853785],[-52.400822,-0.887192],[-52.42153,-1.032412],[-52.332516,-1.115558],[-52.119791,-1.145867],[-52.062771,-1.190653],[-51.974516,-1.120285],[-51.925489,-1.131984],[-51.68518,-1.012536],[-51.571179,-0.622809],[-51.350653,-0.308743],[-51.103536,-0.091588],[-50.974389,0.042104],[-50.555692,0.307038],[-50.314182,0.678304],[-50.014573,0.333591],[-49.922834,0.316725],[-49.831651,0.332185],[-49.782609,0.335917],[-49.733877,0.352825],[-49.695712,0.362404],[-49.649626,0.342864],[-49.607304,0.287329],[-49.440745,0.069176],[-49.382988,0.032987],[-48.994206,-0.184509],[-48.913134,-0.232798],[-48.84469,-0.218273],[-48.79265,-0.219659],[-48.702408,-0.256793],[-48.606214,-0.230384],[-48.551971,-0.23564],[-48.472303,-0.231518],[-48.399875,-0.271313],[-48.409745,-0.383514],[-47.999989,-0.663958],[-47.973467,-0.674899],[-47.938822,-0.631455],[-47.902143,-0.602157],[-47.864272,-0.556338],[-47.84191,-0.622231],[-47.848325,-0.666964],[-47.824464,-0.613675],[-47.812439,-0.564755],[-47.783288,-0.581804],[-47.753721,-0.617544],[-47.747183,-0.563157],[-47.696097,-0.55505],[-47.647855,-0.58574],[-47.630943,-0.667929],[-47.608786,-0.697048],[-47.580143,-0.602516],[-47.550772,-0.59973],[-47.526138,-0.672573],[-47.484994,-0.735345],[-47.469023,-0.69329],[-47.474627,-0.608959],[-47.417987,-0.614174],[-47.416972,-0.650057],[-47.371187,-0.623025],[-47.322076,-0.593842],[-47.285989,-0.628105],[-47.256516,-0.649587],[-47.205118,-0.651864],[-47.228112,-0.69669],[-47.19169,-0.694199],[-47.158333,-0.669664],[-47.173383,-0.732988],[-47.160275,-0.753503],[-47.145242,-0.711025],[-47.111224,-0.6776],[-47.078801,-0.717567],[-47.071871,-0.756021],[-47.058578,-0.732191],[-47.054681,-0.762991],[-47.030032,-0.799895],[-47.040689,-0.728985],[-47.000435,-0.714064],[-46.951454,-0.73406]]],[[[-46.401363,-0.952301],[-46.415317,-0.936494],[-46.401363,-0.952301]]],[[[-46.075076,-1.066854],[-46.087877,-1.060935],[-46.075076,-1.066854]]],[[[-47.034094,-0.695061],[-47.033841,-0.700474],[-47.034094,-0.695061]]],[[[-46.375097,-0.995855],[-46.375097,-0.995855]]],[[[-47.843037,-0.662354],[-47.843037,-0.662354]]],[[[-46.444238,-1.009881],[-46.444238,-1.009881]]],[[[-46.326679,-0.95029],[-46.326679,-0.95029]]],[[[-46.607768,-0.830816],[-46.607768,-0.830816]]],[[[-46.608153,-0.8589],[-46.608153,-0.8589]]],[[[-47.034742,-0.720384],[-47.034742,-0.720384]]],[[[-46.467967,-0.963936],[-46.467967,-0.963936]]],[[[-46.20639,-0.940794],[-46.202712,-0.936364],[-46.198958,-0.940309],[-46.20639,-0.940794]]],[[[-46.954245,-0.740374],[-46.951454,-0.73406],[-46.949257,-0.738724],[-46.954245,-0.740374]]],[[[-47.021708,-0.715428],[-47.016829,-0.713164],[-47.018746,-0.717506],[-47.021708,-0.715428]]],[[[-46.270059,-0.933488],[-46.265775,-0.93288],[-46.267082,-0.936436],[-46.270059,-0.933488]]]]}},{"type":"Feature","properties":{"uf":"PB","nome":"Para\u00edba"},"geometry":{"type":"MultiPolygon","coordinates":[[[[-37.226774,-6.034636],[-37.168956,-6.105443],[-37.174701,-6.179856],[-37.2941,-6.280378],[-37.377141,-6.368941],[-37.396491,-6.513817],[-37.477303,-6.606599],[-37.4843,-6.709643],[-37.263516,-6.731775],[-37.187523,-6.822712],[-37.025956,-6.728024],[-36.95704,-6.780822],[-36.729776,-6.835996],[-36.718142,-6.982333],[-36.566499,-6.867146],[-36.509031,-6.815897],[-36.553212,-6.70233],[-36.450406,-6.625159],[-36.468691,-6.548474],[-36.52875,-6.446724],[-36.307152,-6.281104],[-36.203014,-6.432468],[-36.072262,-6.410026],[-36.007884,-6.464721],[-35.763677,-6.48011],[-35.619807,-6.457072],[-35.551358,-6.489991],[-35.500938,-6.477394],[-35.446208,-6.486442],[-35.263388,-6.538539],[-35.198975,-6.549533],[-35.112055,-6.504877],[-35.028025,-6.505115],[-34.966026,-6.544655],[-34.934165,-6.69833],[-34.938369,-6.752708],[-34.902247,-6.854395],[-34.866451,-6.936195],[-34.859044,-7.026703],[-34.828126,-6.98035],[-34.832441,-7.090763],[-34.793112,-7.154081],[-34.804593,-7.247896],[-34.801428,-7.31762],[-34.80175,-7.383057],[-34.814372,-7.486325],[-34.853156,-7.53895],[-34.90322,-7.536959],[-34.984193,-7.50268],[-35.048257,-7.416849],[-35.153275,-7.392039],[-35.243274,-7.373984],[-35.348906,-7.431844],[-35.380147,-7.448832],[-35.506105,-7.492801],[-35.528097,-7.588862],[-35.54324,-7.656377],[-35.628315,-7.676928],[-35.717656,-7.707411],[-35.789455,-7.740038],[-35.932411,-7.784028],[-36.021113,-7.809826],[-36.126375,-7.783841],[-36.250059,-7.826991],[-36.396001,-7.808175],[-36.434374,-7.895861],[-36.535883,-7.901274],[-36.589812,-7.956799],[-36.649933,-8.080918],[-36.707943,-8.155901],[-36.761146,-8.195889],[-36.915218,-8.261533],[-36.99074,-8.302552],[-37.122463,-8.174015],[-37.150042,-8.126131],[-37.15086,-8.01244],[-37.192267,-7.960197],[-37.263122,-7.967786],[-37.347257,-7.953958],[-37.307589,-7.907549],[-37.240052,-7.822688],[-37.170258,-7.799827],[-37.160629,-7.697563],[-37.17996,-7.60183],[-37.053403,-7.504163],[-36.996888,-7.459001],[-37.017536,-7.398886],[-37.127559,-7.343619],[-37.205996,-7.292403],[-37.367036,-7.346345],[-37.486622,-7.394708],[-37.527031,-7.450852],[-37.629981,-7.53212],[-37.734607,-7.596259],[-37.751668,-7.663885],[-37.792298,-7.627549],[-37.908733,-7.709957],[-37.982577,-7.772248],[-38.069105,-7.772298],[-38.122048,-7.807042],[-38.193832,-7.800738],[-38.264547,-7.82759],[-38.307468,-7.752404],[-38.357099,-7.676781],[-38.433948,-7.72004],[-38.537528,-7.751077],[-38.593231,-7.753951],[-38.641238,-7.682736],[-38.690975,-7.633531],[-38.684624,-7.579723],[-38.651118,-7.527389],[-38.644538,-7.459619],[-38.590002,-7.400786],[-38.539726,-7.305822],[-38.57887,-7.246632],[-38.619414,-7.196655],[-38.67491,-7.155325],[-38.66947,-7.047311],[-38.758305,-6.998067],[-38.756287,-6.940016],[-38.738204,-6.898565],[-38.692134,-6.869988],[-38.648838,-6.807735],[-38.628634,-6.777324],[-38.664508,-6.723699],[-38.646585,-6.65382],[-38.632554,-6.589536],[-38.615729,-6.527756],[-38.554545,-6.436975],[-38.551888,-6.39797],[-38.579004,-6.374984],[-38.544633,-6.344201],[-38.45723,-6.329322],[-38.447576,-6.402965],[-38.363494,-6.453272],[-38.290989,-6.497119],[-38.178229,-6.498773],[-38.095009,-6.493194],[-38.036624,-6.461857],[-38.013305,-6.427039],[-37.924817,-6.417923],[-37.843726,-6.353967],[-37.757271,-6.290385],[-37.763452,-6.218511],[-37.638083,-6.179449],[-37.535954,-6.152448],[-37.445295,-6.111813],[-37.344707,-6.076586],[-37.226774,-6.034636],[-37.226774,-6.034636]]],[[[-34.861633,-6.982025],[-34.866066,-6.998318],[-34.861633,-6.982025]]]]}},{"type":"Feature","properties":{"uf":"PE","nome":"Pernambuco"},"geometry":{"type":"MultiPolygon","coordinates":[[[[-37.176537,-7.309168],[-37.121021,-7.350553],[-37.017001,-7.409539],[-36.994052,-7.466631],[-37.076866,-7.517295],[-37.186394,-7.6184],[-37.14869,-7.730746],[-37.177464,-7.794287],[-37.227601,-7.821052],[-37.309181,-7.913492],[-37.355461,-7.974525],[-37.246558,-7.968956],[-37.187856,-7.982565],[-37.14799,-8.034712],[-37.15819,-8.138477],[-37.124785,-8.198496],[-36.977431,-8.297033],[-36.895531,-8.240412],[-36.751503,-8.183698],[-36.686627,-8.155222],[-36.656354,-8.075744],[-36.573274,-7.954857],[-36.493818,-7.917666],[-36.432278,-7.879589],[-36.373181,-7.812181],[-36.241314,-7.809377],[-36.104165,-7.779964],[-35.99758,-7.812906],[-35.883359,-7.774366],[-35.780103,-7.737938],[-35.710212,-7.701568],[-35.618851,-7.663771],[-35.526458,-7.645449],[-35.535875,-7.586956],[-35.502814,-7.455679],[-35.372955,-7.445606],[-35.341879,-7.421874],[-35.230801,-7.378002],[-35.129128,-7.398759],[-35.038301,-7.421406],[-34.96891,-7.520646],[-34.900858,-7.537607],[-34.833574,-7.54883],[-34.823571,-7.595888],[-34.829356,-7.671031],[-34.826767,-7.726186],[-34.841511,-7.826932],[-34.823798,-7.889781],[-34.837298,-8.00571],[-34.913627,-8.168189],[-34.933489,-8.245782],[-34.940048,-8.351327],[-34.966434,-8.408938],[-34.998112,-8.502333],[-35.022741,-8.565029],[-35.069398,-8.66531],[-35.085086,-8.717807],[-35.1026,-8.784275],[-35.138524,-8.87935],[-35.176222,-8.888406],[-35.311072,-8.870112],[-35.458875,-8.837527],[-35.499869,-8.822011],[-35.56757,-8.840176],[-35.629593,-8.879239],[-35.721719,-8.90808],[-35.781254,-8.87793],[-35.836578,-8.868317],[-35.923241,-8.883173],[-36.004921,-8.912576],[-36.113308,-9.008786],[-36.188487,-9.045869],[-36.243006,-9.099632],[-36.231012,-9.163544],[-36.285308,-9.169656],[-36.339657,-9.206115],[-36.408009,-9.221698],[-36.457545,-9.233006],[-36.502872,-9.270551],[-36.603786,-9.340622],[-36.634969,-9.320721],[-36.796709,-9.292608],[-36.9154,-9.298606],[-36.943585,-9.381919],[-37.056796,-9.312483],[-37.141977,-9.267658],[-37.23356,-9.233237],[-37.271866,-9.154054],[-37.331715,-9.086821],[-37.488226,-8.970214],[-37.583403,-8.969839],[-37.661242,-8.986852],[-37.701774,-8.947788],[-37.734046,-8.895438],[-37.808478,-8.884325],[-37.830902,-8.92799],[-37.86377,-9.008424],[-37.942278,-9.091821],[-37.990586,-9.154961],[-38.091979,-9.17237],[-38.202567,-9.296475],[-38.304212,-9.096378],[-38.340028,-8.990074],[-38.516845,-8.934893],[-38.560957,-8.82675],[-38.691799,-8.937397],[-38.867715,-8.783474],[-39.016644,-8.751267],[-39.213387,-8.708642],[-39.273652,-8.585298],[-39.411747,-8.539976],[-39.522033,-8.60783],[-39.625345,-8.6556],[-39.677177,-8.76015],[-39.82125,-8.813384],[-39.916049,-8.998136],[-40.168933,-9.098567],[-40.307434,-9.27099],[-40.435506,-9.361764],[-40.528956,-9.413674],[-40.744922,-9.442942],[-40.744118,-9.376856],[-40.743597,-9.305826],[-40.688774,-9.256596],[-40.677343,-9.150841],[-40.785711,-9.104776],[-40.824754,-9.039209],[-40.862855,-8.938081],[-40.920958,-8.835043],[-41.02086,-8.843156],[-41.078158,-8.788371],[-41.126249,-8.746633],[-41.174642,-8.709404],[-41.238185,-8.719344],[-41.357936,-8.707229],[-41.207193,-8.613787],[-41.1518,-8.545641],[-41.08072,-8.484171],[-40.965195,-8.41171],[-40.901467,-8.407709],[-40.856968,-8.375244],[-40.791968,-8.318725],[-40.775095,-8.251431],[-40.700211,-8.202217],[-40.642349,-8.149644],[-40.603466,-8.103186],[-40.555461,-7.818405],[-40.651952,-7.591628],[-40.656937,-7.442339],[-40.279036,-7.387655],[-39.943694,-7.369341],[-39.821653,-7.330152],[-39.597943,-7.343714],[-39.413513,-7.468782],[-39.313265,-7.560306],[-39.303255,-7.62823],[-39.250954,-7.680295],[-39.207728,-7.689212],[-39.09036,-7.808826],[-39.026018,-7.824249],[-38.959407,-7.838822],[-38.933673,-7.758443],[-38.880515,-7.724579],[-38.819312,-7.664439],[-38.741443,-7.647987],[-38.686353,-7.634654],[-38.640953,-7.686112],[-38.585665,-7.754517],[-38.529317,-7.754714],[-38.427236,-7.729636],[-38.344303,-7.694596],[-38.316337,-7.764233],[-38.260775,-7.829062],[-38.186814,-7.795477],[-38.123748,-7.812582],[-38.054292,-7.760161],[-37.982442,-7.772302],[-37.893927,-7.713236],[-37.782062,-7.626487],[-37.738356,-7.659808],[-37.728339,-7.579338],[-37.619442,-7.525684],[-37.526919,-7.447884],[-37.490838,-7.384595],[-37.349127,-7.336581],[-37.198238,-7.293902],[-37.176537,-7.309168]]],[[[-32.407145,-3.837767],[-32.416272,-3.86329],[-32.44175,-3.870477],[-32.446196,-3.854807],[-32.407145,-3.837767]]],[[[-32.400572,-3.836927],[-32.400572,-3.836927]]]]}},{"type":"Feature","properties":{"uf":"PI","nome":"Piau\u00ed"},"geometry":{"type":"MultiPolygon","coordinates":[[[[-41.738679,-2.805583],[-41.683639,-2.843779],[-41.559988,-2.900653],[-41.461016,-2.901036],[-41.37908,-2.914437],[-41.326727,-2.921065],[-41.25675,-3.004292],[-41.256153,-3.071339],[-41.322109,-3.179438],[-41.418339,-3.370133],[-41.347591,-3.414268],[-41.305012,-3.489733],[-41.37023,-3.568183],[-41.318348,-3.68592],[-41.256985,-3.729543],[-41.282296,-3.826452],[-41.238521,-3.902105],[-41.243812,-3.98603],[-41.20296,-4.020955],[-41.114012,-4.040281],[-41.127735,-4.138961],[-41.119057,-4.323891],[-41.188969,-4.488315],[-41.242161,-4.571146],[-41.195175,-4.647855],[-41.249962,-4.756258],[-41.232457,-4.815369],[-41.22028,-4.93721],[-41.135196,-4.996766],[-41.083824,-5.075392],[-41.02304,-5.108381],[-40.937371,-5.166217],[-40.938419,-5.237718],[-40.921684,-5.284218],[-40.918075,-5.33788],[-40.911175,-5.407002],[-40.928781,-5.482958],[-40.91298,-5.578691],[-40.929999,-5.685836],[-40.895189,-5.892285],[-40.884198,-6.047433],[-40.786849,-6.30451],[-40.790648,-6.498469],[-40.709799,-6.675744],[-40.454883,-6.77068],[-40.370202,-6.807604],[-40.432436,-6.899992],[-40.436803,-7.015677],[-40.470056,-7.09358],[-40.511794,-7.301411],[-40.656937,-7.442339],[-40.651952,-7.591628],[-40.555461,-7.818405],[-40.603466,-8.103186],[-40.642349,-8.149644],[-40.700211,-8.202217],[-40.775095,-8.251431],[-40.791968,-8.318725],[-40.856968,-8.375244],[-40.901467,-8.407709],[-40.965195,-8.41171],[-41.08072,-8.484171],[-41.1518,-8.545641],[-41.207193,-8.613787],[-41.357936,-8.707229],[-41.431538,-8.796671],[-41.50707,-8.892045],[-41.569666,-8.954638],[-41.669026,-8.989675],[-41.758554,-9.116255],[-41.884052,-9.252508],[-41.964837,-9.254959],[-42.186922,-9.28826],[-42.322115,-9.326392],[-42.442525,-9.456995],[-42.558781,-9.498406],[-42.654219,-9.540992],[-42.757356,-9.58887],[-42.829421,-9.576763],[-42.945855,-9.518006],[-42.971497,-9.407654],[-43.058079,-9.406147],[-43.123468,-9.378637],[-43.201192,-9.411742],[-43.284722,-9.419618],[-43.423945,-9.276529],[-43.568901,-9.314955],[-43.818033,-9.493835],[-43.841551,-9.637019],[-43.746388,-9.783171],[-43.653138,-9.844847],[-43.698391,-9.923566],[-43.66907,-10.03032],[-43.766602,-10.114267],[-43.87128,-10.330024],[-43.952125,-10.425105],[-44.041151,-10.492821],[-44.134086,-10.635817],[-44.273127,-10.615337],[-44.423226,-10.612847],[-44.589108,-10.632004],[-44.660909,-10.732276],[-44.787649,-10.808103],[-44.855042,-10.884161],[-44.994633,-10.883478],[-45.150571,-10.83879],[-45.260121,-10.803345],[-45.435502,-10.61946],[-45.414561,-10.433001],[-45.495534,-10.298094],[-45.565016,-10.159568],[-45.69557,-10.155063],[-45.877436,-10.238925],[-45.930766,-10.190418],[-45.881988,-10.111771],[-45.856311,-9.985934],[-45.857631,-9.907108],[-45.855045,-9.846751],[-45.826593,-9.746087],[-45.829762,-9.70243],[-45.831809,-9.603902],[-45.829189,-9.541069],[-45.792396,-9.484681],[-45.793577,-9.438017],[-45.862792,-9.35875],[-45.906644,-9.297612],[-45.896186,-9.234941],[-45.920833,-9.145775],[-45.928842,-9.069727],[-45.973846,-8.972542],[-45.979648,-8.88367],[-45.952154,-8.828203],[-45.907205,-8.758269],[-45.839528,-8.71488],[-45.765218,-8.609179],[-45.753401,-8.540551],[-45.735883,-8.441445],[-45.694091,-8.36396],[-45.676147,-8.304053],[-45.606498,-8.185303],[-45.574695,-8.11356],[-45.561016,-8.047507],[-45.552529,-7.971182],[-45.53477,-7.921159],[-45.521621,-7.882758],[-45.524708,-7.854708],[-45.499055,-7.793507],[-45.489468,-7.745608],[-45.468251,-7.712891],[-45.455584,-7.670276],[-45.413869,-7.654225],[-45.381594,-7.612729],[-45.295945,-7.573063],[-45.214857,-7.565551],[-45.12634,-7.513806],[-45.010811,-7.495787],[-44.93682,-7.46963],[-44.85227,-7.401652],[-44.729488,-7.390652],[-44.662945,-7.331419],[-44.567525,-7.236165],[-44.488894,-7.180247],[-44.315497,-7.117605],[-44.205609,-6.963074],[-44.136332,-6.858771],[-44.113928,-6.804673],[-43.987334,-6.756894],[-43.853361,-6.735228],[-43.715621,-6.698807],[-43.572643,-6.751315],[-43.489298,-6.819736],[-43.389732,-6.827431],[-43.247023,-6.767076],[-43.048277,-6.759909],[-42.916831,-6.636922],[-42.873473,-6.488229],[-42.856135,-6.370207],[-42.850518,-6.275011],[-42.933511,-6.192661],[-43.049587,-6.099368],[-43.059307,-5.983179],[-43.078374,-5.869994],[-43.077155,-5.731244],[-43.03421,-5.591883],[-42.962086,-5.446092],[-42.869194,-5.376884],[-42.826549,-5.239457],[-42.819377,-5.089953],[-42.867523,-4.927332],[-42.937295,-4.810106],[-42.918692,-4.653054],[-42.857252,-4.498999],[-42.887312,-4.411443],[-42.981955,-4.29402],[-42.887144,-4.14728],[-42.814979,-3.987324],[-42.720777,-3.875039],[-42.682406,-3.693756],[-42.561998,-3.555391],[-42.486948,-3.448557],[-42.416227,-3.464461],[-42.325448,-3.434573],[-42.202178,-3.428461],[-42.127397,-3.34428],[-42.134798,-3.280556],[-41.978667,-3.218132],[-41.924181,-3.137435],[-41.840325,-3.036373],[-41.861316,-2.883044],[-41.824194,-2.755869],[-41.750135,-2.801419],[-41.738679,-2.805583]]]]}},{"type":"Feature","properties":{"uf":"PR","nome":"Paran\u00e1"},"geometry":{"type":"MultiPolygon","coordinates":[[[[-52.064157,-22.533836],[-51.892166,-22.609834],[-51.734731,-22.624911],[-51.619783,-22.660679],[-51.401446,-22.667417],[-51.246591,-22.684713],[-50.994087,-22.791664],[-50.823984,-22.864715],[-50.788767,-22.948158],[-50.620013,-22.911614],[-50.504395,-22.94577],[-50.395349,-22.906596],[-50.304417,-22.943891],[-50.21639,-22.947413],[-50.094203,-22.923451],[-49.99576,-22.929046],[-49.964708,-22.966313],[-49.884874,-23.064428],[-49.814863,-23.078303],[-49.750893,-23.097268],[-49.697771,-23.163642],[-49.645386,-23.244118],[-49.637107,-23.349226],[-49.618872,-23.396485],[-49.571164,-23.434507],[-49.601309,-23.477509],[-49.62372,-23.522807],[-49.609924,-23.587363],[-49.608474,-23.634021],[-49.574789,-23.675701],[-49.549358,-23.703227],[-49.56601,-23.777316],[-49.592463,-23.829775],[-49.607606,-23.848147],[-49.576643,-23.895686],[-49.531522,-23.928578],[-49.513387,-23.943927],[-49.497453,-23.99334],[-49.481057,-24.023512],[-49.448071,-24.055595],[-49.407329,-24.097431],[-49.362341,-24.119156],[-49.347748,-24.20675],[-49.306558,-24.258297],[-49.269111,-24.306838],[-49.253377,-24.407255],[-49.251821,-24.451025],[-49.269078,-24.491774],[-49.315499,-24.555006],[-49.314186,-24.613764],[-49.303574,-24.657592],[-49.204403,-24.693805],[-49.11111,-24.687849],[-49.055322,-24.682147],[-49.00425,-24.633923],[-48.976142,-24.665966],[-48.911968,-24.672947],[-48.832682,-24.65865],[-48.752604,-24.68188],[-48.689509,-24.690052],[-48.674476,-24.701312],[-48.611596,-24.669478],[-48.568715,-24.700309],[-48.531657,-24.729771],[-48.507215,-24.751869],[-48.557703,-24.82138],[-48.554849,-24.88273],[-48.569261,-24.920583],[-48.587874,-24.985919],[-48.581221,-25.03675],[-48.528101,-25.10029],[-48.434437,-24.991045],[-48.35001,-25.027805],[-48.333188,-25.070067],[-48.269104,-24.997029],[-48.22975,-25.002204],[-48.215055,-25.042166],[-48.183909,-25.12543],[-48.175142,-25.177878],[-48.0951,-25.241465],[-48.05762,-25.22132],[-48.02308,-25.230467],[-48.149158,-25.36031],[-48.286557,-25.488701],[-48.300314,-25.559131],[-48.414392,-25.623479],[-48.524314,-25.798612],[-48.554851,-25.853562],[-48.57591,-25.920243],[-48.613221,-25.980666],[-48.642921,-25.955779],[-48.960277,-25.979268],[-48.983996,-26.003571],[-49.029181,-26.00345],[-49.090447,-26.002814],[-49.142391,-26.010634],[-49.191335,-26.011803],[-49.236482,-26.03688],[-49.268483,-26.075916],[-49.291277,-26.093057],[-49.346803,-26.127609],[-49.38698,-26.155462],[-49.43608,-26.171828],[-49.499472,-26.202989],[-49.528669,-26.217028],[-49.551395,-26.22458],[-49.601767,-26.227186],[-49.63358,-26.201341],[-49.671611,-26.184981],[-49.736517,-26.156601],[-49.778275,-26.106931],[-49.806078,-26.097056],[-49.833171,-26.064917],[-49.898106,-26.033436],[-49.952697,-26.019032],[-50.011061,-26.025239],[-50.072621,-26.034877],[-50.120578,-26.063857],[-50.18204,-26.033944],[-50.192504,-26.071149],[-50.251837,-26.0314],[-50.321695,-26.08037],[-50.333499,-26.125252],[-50.365899,-26.108549],[-50.439355,-26.051005],[-50.476022,-26.030215],[-50.54912,-26.038932],[-50.550524,-26.044188],[-50.64758,-26.12601],[-50.745908,-26.229937],[-50.865594,-26.241923],[-50.941294,-26.23381],[-50.999975,-26.229988],[-51.104468,-26.274936],[-51.163331,-26.29103],[-51.244922,-26.329659],[-51.270314,-26.384994],[-51.282725,-26.441005],[-51.250455,-26.473847],[-51.25318,-26.520135],[-51.216483,-26.568997],[-51.238865,-26.627891],[-51.305347,-26.654665],[-51.390768,-26.663387],[-51.446788,-26.66036],[-51.493757,-26.589145],[-51.630941,-26.587222],[-51.790039,-26.588548],[-51.883612,-26.585525],[-51.986053,-26.565445],[-52.061907,-26.526847],[-52.111761,-26.475573],[-52.205006,-26.459993],[-52.304537,-26.440252],[-52.386344,-26.434612],[-52.476202,-26.420961],[-52.590041,-26.413177],[-52.657538,-26.374205],[-52.763952,-26.351142],[-52.874224,-26.359169],[-53.02728,-26.369157],[-53.14003,-26.35676],[-53.230721,-26.3121],[-53.279782,-26.25939],[-53.33582,-26.249004],[-53.379965,-26.24861],[-53.496683,-26.302344],[-53.595543,-26.256203],[-53.645258,-26.24003],[-53.65057,-26.193535],[-53.690632,-26.157363],[-53.734177,-26.121959],[-53.733512,-26.074915],[-53.744912,-26.039916],[-53.775314,-26.022574],[-53.804078,-25.995186],[-53.813933,-25.980412],[-53.835547,-25.955964],[-53.81804,-25.911747],[-53.837018,-25.887283],[-53.832222,-25.858667],[-53.845567,-25.84096],[-53.820214,-25.81598],[-53.833468,-25.78647],[-53.840831,-25.75958],[-53.859161,-25.724304],[-53.855156,-25.706117],[-53.857702,-25.666118],[-53.877961,-25.64039],[-53.911913,-25.635539],[-53.938391,-25.61995],[-53.950775,-25.646682],[-53.970558,-25.603118],[-54.030643,-25.569788],[-54.078793,-25.558622],[-54.098311,-25.618256],[-54.105178,-25.533982],[-54.149458,-25.527411],[-54.206957,-25.545538],[-54.181169,-25.584053],[-54.231791,-25.583735],[-54.294435,-25.557456],[-54.362771,-25.600146],[-54.397529,-25.637771],[-54.436675,-25.690042],[-54.513502,-25.622577],[-54.549987,-25.589507],[-54.592984,-25.552735],[-54.616663,-25.468886],[-54.586844,-25.40014],[-54.531902,-25.335163],[-54.488281,-25.264419],[-54.442935,-25.171616],[-54.458976,-25.098269],[-54.453254,-25.021694],[-54.425866,-24.912978],[-54.398949,-24.817351],[-54.355112,-24.735478],[-54.319302,-24.614709],[-54.329573,-24.479439],[-54.275062,-24.392774],[-54.269411,-24.305519],[-54.326271,-24.208742],[-54.340948,-24.128722],[-54.274391,-24.06129],[-54.087575,-23.84405],[-54.02881,-23.628095],[-53.775728,-23.372118],[-53.636063,-23.124554],[-53.560259,-22.915686],[-53.405032,-22.810793],[-53.104669,-22.621452],[-52.924226,-22.565147],[-52.721925,-22.626272],[-52.520369,-22.621252],[-52.304275,-22.635992],[-52.196672,-22.65845],[-52.110181,-22.516647],[-52.064157,-22.533836]]]]}},{"type":"Feature","properties":{"uf":"RJ","nome":"Rio de Janeiro"},"geometry":{"type":"MultiPolygon","coordinates":[[[[-44.512726,-23.292935],[-44.550829,-23.307831],[-44.599063,-23.359403],[-44.628448,-23.349969],[-44.661463,-23.347416],[-44.690356,-23.34624],[-44.731095,-23.359226],[-44.777877,-23.338516],[-44.826828,-23.279259],[-44.880959,-23.215468],[-44.845045,-23.170721],[-44.810674,-23.125215],[-44.81357,-23.067126],[-44.798231,-23.019722],[-44.75485,-22.979802],[-44.673456,-22.917794],[-44.55479,-22.888587],[-44.479347,-22.850866],[-44.421568,-22.850998],[-44.320044,-22.839971],[-44.259933,-22.804511],[-44.238345,-22.755215],[-44.177914,-22.707197],[-44.173493,-22.657388],[-44.216063,-22.616482],[-44.282655,-22.603716],[-44.325972,-22.588225],[-44.361151,-22.592632],[-44.404966,-22.591412],[-44.455439,-22.6096],[-44.530974,-22.630253],[-44.56648,-22.607435],[-44.621855,-22.605504],[-44.675829,-22.544581],[-44.712073,-22.492875],[-44.76046,-22.414506],[-44.78005,-22.382272],[-44.717663,-22.364203],[-44.654922,-22.371567],[-44.580719,-22.327175],[-44.517331,-22.315822],[-44.44624,-22.255141],[-44.376987,-22.267531],[-44.314306,-22.254001],[-44.260828,-22.263082],[-44.209038,-22.249626],[-44.166602,-22.231733],[-44.124369,-22.201174],[-44.085361,-22.176917],[-43.9976,-22.155546],[-43.892378,-22.113965],[-43.817639,-22.086838],[-43.763529,-22.072328],[-43.723305,-22.084859],[-43.665788,-22.076261],[-43.603295,-22.071632],[-43.562174,-22.0873],[-43.472494,-22.069916],[-43.346429,-22.003372],[-43.272904,-22.011645],[-43.204401,-22.02587],[-43.152388,-22.031528],[-43.136462,-22.108805],[-43.053,-22.0826],[-42.992841,-22.035107],[-42.833212,-21.943995],[-42.755634,-21.914937],[-42.697766,-21.887661],[-42.605677,-21.853927],[-42.431694,-21.774576],[-42.266201,-21.707859],[-42.282653,-21.670166],[-42.342387,-21.657786],[-42.368575,-21.619118],[-42.303311,-21.536674],[-42.285906,-21.449234],[-42.278651,-21.410083],[-42.241424,-21.37266],[-42.236274,-21.324684],[-42.196916,-21.225847],[-42.198442,-21.167141],[-42.170246,-21.114116],[-42.10177,-21.047131],[-42.1113,-21.01124],[-42.137993,-20.960064],[-42.087033,-20.938653],[-41.978991,-20.922925],[-41.951052,-20.871624],[-41.900792,-20.795752],[-41.826103,-20.790628],[-41.767116,-20.801501],[-41.742567,-20.825151],[-41.726721,-20.892353],[-41.714879,-20.97647],[-41.72515,-21.029926],[-41.728619,-21.106331],[-41.698508,-21.117939],[-41.660605,-21.133368],[-41.581796,-21.165778],[-41.501723,-21.181352],[-41.43522,-21.215525],[-41.392085,-21.201616],[-41.325765,-21.214924],[-41.283469,-21.23445],[-41.228039,-21.225505],[-41.190495,-21.247993],[-41.156805,-21.240153],[-41.081034,-21.22149],[-40.998052,-21.26573],[-40.964312,-21.299535],[-40.977429,-21.385078],[-41.019621,-21.439595],[-41.063966,-21.486923],[-41.026351,-21.604289],[-41.010714,-21.783893],[-40.974581,-21.970144],[-41.110219,-22.077449],[-41.249432,-22.148702],[-41.381098,-22.18417],[-41.568914,-22.245037],[-41.726537,-22.329255],[-41.767513,-22.388381],[-41.836206,-22.431238],[-41.87372,-22.483204],[-41.937363,-22.536673],[-41.983568,-22.578488],[-41.996929,-22.667463],[-41.945839,-22.754149],[-41.900829,-22.750561],[-41.868128,-22.752811],[-41.891949,-22.781462],[-41.932565,-22.812147],[-41.985807,-22.86167],[-42.025405,-22.895596],[-42.021227,-22.946046],[-41.99661,-22.960003],[-42.010057,-22.978777],[-42.033723,-22.970696],[-42.411635,-22.935116],[-42.513731,-22.932807],[-42.636157,-22.936799],[-42.713925,-22.955706],[-42.842109,-22.963996],[-42.950397,-22.971086],[-43.032833,-22.975578],[-43.094067,-22.954588],[-43.12573,-22.931184],[-43.110784,-22.916093],[-43.126672,-22.885029],[-43.107506,-22.862693],[-43.085962,-22.821833],[-43.067869,-22.768579],[-43.034511,-22.716145],[-43.052556,-22.684899],[-43.106989,-22.693243],[-43.151784,-22.707117],[-43.216103,-22.735451],[-43.254008,-22.757805],[-43.28736,-22.808748],[-43.240323,-22.864083],[-43.200879,-22.876093],[-43.160634,-22.912115],[-43.167779,-22.93793],[-43.163788,-22.953989],[-43.20871,-22.989156],[-43.285904,-23.016048],[-43.465698,-23.029093],[-43.508401,-23.047519],[-43.55311,-23.075581],[-43.559643,-23.045874],[-43.656607,-23.053355],[-43.602748,-23.039753],[-43.630111,-23.006907],[-43.695381,-22.98502],[-43.75229,-22.941836],[-43.810907,-22.916735],[-43.841444,-22.929118],[-43.84748,-22.902193],[-43.925237,-22.930118],[-43.994422,-22.940738],[-44.026827,-22.963507],[-44.041562,-22.962734],[-44.079875,-22.960629],[-44.09633,-23.005139],[-44.139602,-23.034145],[-44.171317,-23.042705],[-44.199817,-23.038327],[-44.238328,-23.032092],[-44.252543,-22.999888],[-44.283438,-23.014063],[-44.307336,-23.006859],[-44.347249,-23.027603],[-44.344695,-22.990723],[-44.305449,-22.963059],[-44.336756,-22.956734],[-44.339194,-22.921793],[-44.359942,-22.931404],[-44.358701,-22.956162],[-44.38866,-22.952224],[-44.422244,-22.958032],[-44.431261,-22.978246],[-44.442867,-23.007995],[-44.458294,-23.010866],[-44.499195,-23.026539],[-44.575831,-23.047919],[-44.608232,-23.04973],[-44.648157,-23.051932],[-44.690325,-23.08257],[-44.698687,-23.132203],[-44.702072,-23.167852],[-44.717815,-23.193567],[-44.689833,-23.221883],[-44.650765,-23.187597],[-44.626581,-23.212809],[-44.652707,-23.217318],[-44.672608,-23.230573],[-44.672085,-23.246806],[-44.633579,-23.262229],[-44.642488,-23.295425],[-44.598649,-23.237184],[-44.575453,-23.248163],[-44.54182,-23.270375],[-44.512726,-23.292935]],[[-43.359794,-22.993309],[-43.320997,-22.995169],[-43.393925,-22.983212],[-43.384447,-22.980494],[-43.359794,-22.993309],[-43.359794,-22.993309]]],[[[-44.233217,-23.089435],[-44.208081,-23.11052],[-44.171713,-23.126439],[-44.124502,-23.123665],[-44.123787,-23.152702],[-44.117408,-23.185815],[-44.158908,-23.171507],[-44.189603,-23.18853],[-44.22873,-23.197278],[-44.263165,-23.192531],[-44.317676,-23.185784],[-44.349591,-23.205076],[-44.362042,-23.178138],[-44.346355,-23.158367],[-44.312354,-23.137058],[-44.281404,-23.129408],[-44.242441,-23.094198],[-44.233217,-23.089435]]],[[[-43.827899,-23.057298],[-43.982599,-23.100102],[-43.990734,-23.05681],[-43.931457,-23.056821],[-43.877602,-23.051327],[-43.827899,-23.057298],[-43.827899,-23.057298]]],[[[-43.182492,-22.781033],[-43.17503,-22.798134],[-43.175741,-22.823842],[-43.230166,-22.823174],[-43.254748,-22.805961],[-43.188372,-22.794049],[-43.182492,-22.781033]]],[[[-43.913351,-22.93897],[-43.879858,-22.924096],[-43.905523,-22.957797],[-43.913351,-22.93897]]],[[[-43.23788,-22.861561],[-43.227282,-22.842013],[-43.221908,-22.86537],[-43.23788,-22.861561]]],[[[-43.929349,-23.006708],[-43.929349,-23.006708]]],[[[-44.588209,-23.20618],[-44.588209,-23.20618],[-44.588209,-23.20618]]],[[[-44.045854,-22.999599],[-44.045854,-22.999599]]],[[[-44.687442,-23.164206],[-44.687442,-23.164206]]],[[[-41.698311,-22.410062],[-41.698311,-22.410062]]],[[[-44.512726,-23.292935],[-44.512726,-23.292935]]],[[[-43.110533,-22.761512],[-43.110533,-22.761512]]],[[[-43.10855,-22.758473],[-43.10855,-22.758473]]],[[[-43.177351,-22.895572],[-43.177351,-22.895572]]],[[[-44.644679,-23.073814],[-44.644679,-23.073814]]],[[[-43.861178,-22.952425],[-43.861178,-22.952425]]],[[[-41.686751,-22.401743],[-41.686751,-22.401743]]],[[[-44.583765,-23.20366],[-44.583765,-23.20366]]],[[[-44.576304,-23.185972],[-44.576304,-23.185972]]],[[[-43.909974,-22.983026],[-43.909974,-22.983026]]],[[[-44.64635,-23.226778],[-44.639698,-23.228174],[-44.649005,-23.23063],[-44.64635,-23.226778]]],[[[-41.886592,-22.776935],[-41.886592,-22.776935]]],[[[-44.129227,-23.035366],[-44.123726,-23.039621],[-44.128785,-23.040825],[-44.129227,-23.035366]]],[[[-43.920054,-22.941608],[-43.920054,-22.941608]]],[[[-43.514413,-23.065268],[-43.511404,-23.060728],[-43.508372,-23.064533],[-43.514413,-23.065268]]],[[[-43.148184,-23.059917],[-43.142212,-23.065399],[-43.146738,-23.065053],[-43.148184,-23.059917]]],[[[-44.639698,-23.228174],[-44.636513,-23.223835],[-44.633615,-23.225338],[-44.639698,-23.228174]]],[[[-43.943721,-23.023293],[-43.946962,-23.023859],[-43.943681,-23.019612],[-43.943721,-23.023293]]],[[[-44.692811,-23.215421],[-44.689403,-23.214393],[-44.69085,-23.217979],[-44.692811,-23.215421]]],[[[-43.953848,-23.004999],[-43.950219,-23.005693],[-43.951708,-23.008218],[-43.953848,-23.004999]]],[[[-43.207898,-23.040543],[-43.206316,-23.037953],[-43.202163,-23.037408],[-43.207898,-23.040543]]],[[[-44.672432,-23.099449],[-44.671866,-23.09621],[-44.669117,-23.097726],[-44.672432,-23.099449]]],[[[-43.953679,-23.025037],[-43.952735,-23.022101],[-43.950736,-23.024879],[-43.953679,-23.025037]]],[[[-43.861226,-22.946858],[-43.860183,-22.949594],[-43.863235,-22.949314],[-43.861226,-22.946858]]],[[[-44.675081,-23.111113],[-44.672353,-23.111869],[-44.674697,-23.11399],[-44.675081,-23.111113]]]]}},{"type":"Feature","properties":{"uf":"RN","nome":"Rio Grande do Norte"},"geometry":{"type":"MultiPolygon","coordinates":[[[[-37.151721,-4.935362],[-37.082798,-4.931265],[-36.971878,-4.93099],[-36.881175,-4.948622],[-36.786201,-5.043351],[-36.702794,-5.074215],[-36.628162,-5.088753],[-36.578399,-5.080955],[-36.505494,-5.061945],[-36.378274,-5.087265],[-36.308044,-5.102526],[-36.151297,-5.095027],[-36.061848,-5.062995],[-35.991879,-5.045043],[-35.907909,-5.059029],[-35.802308,-5.072814],[-35.757115,-5.088764],[-35.677748,-5.107983],[-35.599835,-5.120062],[-35.462554,-5.190838],[-35.367038,-5.301038],[-35.310072,-5.404087],[-35.284036,-5.462882],[-35.250654,-5.525175],[-35.225992,-5.583529],[-35.217662,-5.661701],[-35.199208,-5.721947],[-35.193328,-5.780824],[-35.170755,-5.882088],[-35.138246,-5.9648],[-35.10939,-6.048958],[-35.095116,-6.171228],[-35.060338,-6.226729],[-35.033899,-6.325996],[-34.991654,-6.372879],[-34.968937,-6.48259],[-35.036446,-6.516719],[-35.122942,-6.529454],[-35.207706,-6.541243],[-35.330279,-6.543937],[-35.463736,-6.482305],[-35.517266,-6.478948],[-35.564316,-6.491378],[-35.635388,-6.453928],[-35.776163,-6.482601],[-36.035248,-6.444334],[-36.086297,-6.415438],[-36.249331,-6.436963],[-36.358478,-6.308089],[-36.52965,-6.460228],[-36.458726,-6.550923],[-36.469879,-6.618896],[-36.557345,-6.710372],[-36.530203,-6.826419],[-36.609366,-6.936436],[-36.736878,-6.971362],[-36.772309,-6.786668],[-36.96133,-6.773919],[-37.040877,-6.73967],[-37.234195,-6.82424],[-37.289762,-6.71265],[-37.474694,-6.672624],[-37.47972,-6.59376],[-37.381718,-6.436471],[-37.37692,-6.343988],[-37.280384,-6.281456],[-37.173549,-6.179412],[-37.171114,-6.089897],[-37.244589,-6.026593],[-37.371165,-6.082393],[-37.458555,-6.144615],[-37.539599,-6.165542],[-37.646319,-6.189002],[-37.766554,-6.233652],[-37.786523,-6.289003],[-37.853851,-6.365927],[-37.943082,-6.422184],[-38.007836,-6.431803],[-38.043535,-6.451586],[-38.0976,-6.5091],[-38.191879,-6.497941],[-38.303803,-6.488539],[-38.37329,-6.455393],[-38.465427,-6.396023],[-38.466392,-6.331329],[-38.549469,-6.350314],[-38.569038,-6.300141],[-38.528027,-6.214208],[-38.453224,-6.105791],[-38.382747,-6.052641],[-38.34698,-6.080315],[-38.264593,-6.053867],[-38.1895,-5.95654],[-38.146334,-5.915794],[-38.053973,-5.745391],[-38.082335,-5.672168],[-37.98965,-5.555416],[-37.89803,-5.4855],[-37.841204,-5.337327],[-37.783038,-5.228665],[-37.676283,-5.050099],[-37.249534,-4.835225],[-37.181041,-4.916587],[-37.151721,-4.935362]]]]}},{"type":"Feature","properties":{"uf":"RO","nome":"Rond\u00f4nia"},"geometry":{"type":"MultiPolygon","coordinates":[[[[-66.458886,-9.87524],[-66.499684,-9.882177],[-66.537592,-9.880604],[-66.566718,-9.894135],[-66.619301,-9.893602],[-66.691428,-9.73349],[-66.550974,-9.657309],[-66.389649,-9.455235],[-66.341454,-9.424128],[-66.267393,-9.409369],[-66.158005,-9.425432],[-65.986011,-9.412737],[-65.897586,-9.488657],[-65.817586,-9.561866],[-65.754457,-9.564501],[-65.672328,-9.445959],[-65.587653,-9.413385],[-65.460138,-9.466188],[-65.447229,-9.345399],[-65.377048,-9.324038],[-65.208191,-9.296141],[-65.175204,-9.395181],[-65.088433,-9.424695],[-65.037017,-9.366814],[-65.001212,-9.315916],[-64.93234,-9.240202],[-64.928506,-9.177253],[-64.893613,-9.043317],[-64.723935,-9.005567],[-64.578906,-9.000871],[-64.46428,-8.975038],[-64.325568,-8.979451],[-64.149737,-8.88478],[-64.13036,-8.721781],[-64.021405,-8.674758],[-63.989906,-8.612649],[-63.930882,-8.557322],[-63.953213,-8.427587],[-63.903827,-8.321683],[-63.760551,-8.292944],[-63.692901,-8.157973],[-63.621259,-8.029235],[-62.832302,-7.993993],[-62.684166,-8.11751],[-62.654471,-8.22868],[-62.561386,-8.283631],[-62.541818,-8.357753],[-62.493355,-8.362293],[-62.394436,-8.375294],[-62.353442,-8.511325],[-62.340551,-8.602451],[-62.230091,-8.588781],[-62.164552,-8.679015],[-62.085618,-8.803365],[-61.980403,-8.87445],[-61.862866,-8.833083],[-61.835964,-8.732345],[-61.740274,-8.708332],[-61.637823,-8.720947],[-61.571913,-8.801167],[-61.476017,-8.911448],[-61.546356,-9.068009],[-61.523091,-9.178641],[-61.627783,-9.256719],[-61.624847,-9.339103],[-61.55618,-9.435237],[-61.549007,-9.514839],[-61.501031,-9.572936],[-61.49993,-9.660287],[-61.567392,-9.727278],[-61.531573,-9.819369],[-61.528224,-9.934502],[-61.540009,-10.000249],[-61.590553,-10.110819],[-61.551178,-10.197388],[-61.543546,-10.30061],[-61.502572,-10.375539],[-61.467336,-10.415152],[-61.465766,-10.540826],[-61.483221,-10.636655],[-61.475846,-10.722101],[-61.494415,-10.783681],[-61.520368,-10.891869],[-61.527069,-10.956796],[-60.969715,-10.988068],[-60.429161,-11.0371],[-60.379511,-11.095089],[-60.308674,-11.063633],[-60.232828,-11.099615],[-60.147486,-11.098868],[-60.089159,-11.102736],[-60.01702,-11.122258],[-59.987173,-11.146961],[-59.974984,-11.198504],[-59.95893,-11.294337],[-59.919938,-11.379036],[-59.951812,-11.436025],[-60.030966,-11.498234],[-60.08538,-11.559708],[-60.101073,-11.576963],[-60.111317,-11.620141],[-60.118632,-11.680213],[-60.114458,-11.726059],[-60.106518,-11.769708],[-60.103005,-11.790004],[-60.101118,-11.818085],[-60.088897,-11.854756],[-60.076093,-11.884889],[-60.016603,-11.894439],[-59.983156,-11.949749],[-59.97007,-11.997448],[-59.951266,-12.06521],[-59.908294,-12.192024],[-59.801573,-12.356991],[-59.837163,-12.416119],[-59.905836,-12.47761],[-60.014265,-12.550607],[-60.062406,-12.640412],[-60.075534,-12.786983],[-60.139253,-12.969799],[-60.200877,-12.987712],[-60.236958,-13.034502],[-60.278635,-13.102161],[-60.308784,-13.191878],[-60.33849,-13.271923],[-60.363237,-13.310361],[-60.378472,-13.39069],[-60.410987,-13.461249],[-60.50615,-13.501554],[-60.591957,-13.571137],[-60.658899,-13.60314],[-60.688521,-13.63309],[-60.696465,-13.666093],[-60.721487,-13.691473],[-60.76953,-13.672038],[-60.814904,-13.643341],[-60.866378,-13.622319],[-60.920726,-13.551376],[-60.971493,-13.536507],[-60.997392,-13.527643],[-61.00035,-13.493857],[-61.034945,-13.496613],[-61.097094,-13.495328],[-61.12535,-13.519477],[-61.14366,-13.528143],[-61.187573,-13.531359],[-61.241676,-13.503478],[-61.295661,-13.477367],[-61.338529,-13.511063],[-61.404181,-13.528143],[-61.477625,-13.551509],[-61.534637,-13.527404],[-61.574387,-13.498507],[-61.617036,-13.50476],[-61.644907,-13.509229],[-61.698201,-13.509586],[-61.735563,-13.526043],[-61.768582,-13.518855],[-61.813882,-13.532901],[-61.839694,-13.526509],[-61.882557,-13.496841],[-61.902619,-13.427621],[-61.947276,-13.414867],[-61.97545,-13.385011],[-62.009843,-13.357328],[-62.031992,-13.333125],[-62.069814,-13.295131],[-62.110989,-13.261377],[-62.11323,-13.207654],[-62.123729,-13.150221],[-62.168133,-13.129578],[-62.177501,-13.142534],[-62.222393,-13.113237],[-62.254223,-13.144989],[-62.271402,-13.155237],[-62.305337,-13.140667],[-62.341713,-13.145391],[-62.36685,-13.139661],[-62.407241,-13.12214],[-62.442226,-13.07946],[-62.463526,-13.073848],[-62.485795,-13.076908],[-62.557394,-13.065164],[-62.613112,-13.032116],[-62.630817,-12.989761],[-62.658378,-12.968133],[-62.716816,-13.002845],[-62.747026,-12.999014],[-62.793705,-12.994762],[-62.831458,-12.937456],[-62.871677,-12.905653],[-62.904341,-12.853041],[-62.949665,-12.852623],[-62.98214,-12.848858],[-63.008809,-12.814118],[-63.034976,-12.774959],[-63.079526,-12.724068],[-63.086992,-12.684056],[-63.114356,-12.6583],[-63.147567,-12.635031],[-63.161606,-12.638884],[-63.191089,-12.645528],[-63.244593,-12.665583],[-63.290866,-12.68165],[-63.373084,-12.656973],[-63.426137,-12.607174],[-63.435962,-12.574261],[-63.50094,-12.566837],[-63.57093,-12.502019],[-63.647931,-12.464082],[-63.719445,-12.442153],[-63.785671,-12.427493],[-63.840242,-12.461768],[-63.89582,-12.475581],[-63.949378,-12.528612],[-64.002931,-12.514235],[-64.05937,-12.490501],[-64.098179,-12.485072],[-64.129206,-12.476968],[-64.173215,-12.503575],[-64.204664,-12.465049],[-64.257945,-12.479495],[-64.29238,-12.474247],[-64.381633,-12.45242],[-64.435785,-12.417371],[-64.499418,-12.365558],[-64.492244,-12.293809],[-64.540893,-12.237673],[-64.597039,-12.215163],[-64.676838,-12.19111],[-64.713013,-12.123157],[-64.7371,-12.101503],[-64.76756,-12.140234],[-64.801487,-12.08776],[-64.841203,-12.093447],[-64.812457,-12.043637],[-64.876268,-12.012686],[-64.935563,-12.008725],[-64.983567,-12.013918],[-65.032561,-11.991753],[-65.036982,-11.956192],[-65.038702,-11.885976],[-65.059155,-11.790268],[-65.108766,-11.709916],[-65.173237,-11.750761],[-65.255353,-11.715067],[-65.217689,-11.641151],[-65.233881,-11.573768],[-65.258883,-11.513648],[-65.320395,-11.433218],[-65.32871,-11.340437],[-65.34276,-11.306981],[-65.318937,-11.204883],[-65.362064,-11.137486],[-65.283979,-11.088451],[-65.263009,-10.997393],[-65.283725,-10.926142],[-65.296982,-10.847117],[-65.347774,-10.805893],[-65.347582,-10.777994],[-65.35775,-10.656938],[-65.414943,-10.617779],[-65.404106,-10.553305],[-65.414354,-10.499664],[-65.402381,-10.462334],[-65.389874,-10.377431],[-65.331472,-10.307794],[-65.288236,-10.219427],[-65.300314,-10.12272],[-65.328951,-10.046116],[-65.331939,-9.936616],[-65.285526,-9.845098],[-65.347206,-9.741112],[-65.442909,-9.669737],[-65.488343,-9.713416],[-65.503088,-9.759507],[-65.534585,-9.789214],[-65.552412,-9.834956],[-65.622579,-9.835203],[-65.653283,-9.80714],[-65.6811,-9.79246],[-65.707301,-9.765567],[-65.705459,-9.756835],[-65.763289,-9.762379],[-65.775897,-9.767195],[-65.805289,-9.767742],[-65.842462,-9.784663],[-65.870792,-9.752943],[-65.923053,-9.761474],[-65.954685,-9.767393],[-65.981295,-9.807579],[-66.029038,-9.799707],[-66.092693,-9.813262],[-66.112832,-9.789284],[-66.159602,-9.788236],[-66.189163,-9.819156],[-66.22375,-9.82556],[-66.274968,-9.827715],[-66.30927,-9.836625],[-66.356491,-9.854014],[-66.411542,-9.881542],[-66.444589,-9.870956],[-66.458886,-9.87524]]],[[[-66.458886,-9.87524],[-66.454072,-9.877268],[-66.456774,-9.878479],[-66.458886,-9.87524]]]]}},{"type":"Feature","properties":{"uf":"RR","nome":"Roraima"},"geometry":{"type":"MultiPolygon","coordinates":[[[[-59.916352,3.145915],[-59.908269,3.118276],[-59.938516,3.093759],[-59.952837,3.038837],[-59.958122,2.976444],[-59.983815,2.909118],[-59.985733,2.864162],[-59.988578,2.796036],[-59.990709,2.724848],[-59.978405,2.674241],[-59.963008,2.627213],[-59.958196,2.592534],[-59.935872,2.554102],[-59.911777,2.504405],[-59.898326,2.438299],[-59.904313,2.396396],[-59.870602,2.360547],[-59.821579,2.318799],[-59.771926,2.291705],[-59.73233,2.284152],[-59.718732,2.237495],[-59.728323,2.19618],[-59.730976,2.139644],[-59.738285,2.08002],[-59.723196,2.029242],[-59.732773,1.998605],[-59.735847,1.965983],[-59.749374,1.926445],[-59.755054,1.895309],[-59.733533,1.85057],[-59.672067,1.842643],[-59.654811,1.851675],[-59.679791,1.798861],[-59.689858,1.758476],[-59.658497,1.739582],[-59.61595,1.716424],[-59.578048,1.733379],[-59.533915,1.717588],[-59.507046,1.668278],[-59.493992,1.650486],[-59.44511,1.613988],[-59.422331,1.55619],[-59.383672,1.52327],[-59.357145,1.517637],[-59.329285,1.500328],[-59.292779,1.458601],[-59.28167,1.410779],[-59.213449,1.373773],[-59.170754,1.358238],[-59.126074,1.349135],[-59.075733,1.331406],[-59.031593,1.328361],[-58.98656,1.319112],[-58.948214,1.314103],[-58.917942,1.285288],[-58.904072,1.241707],[-60.037434,0.263837],[-60.131054,0.090635],[-60.160198,0.016603],[-60.224679,-0.119197],[-60.263867,-0.189189],[-60.289417,-0.292811],[-60.329582,-0.381688],[-60.382505,-0.478894],[-60.379553,-0.576542],[-60.327198,-0.640024],[-60.303101,-0.71094],[-60.397941,-0.757574],[-60.497477,-0.789193],[-60.530535,-0.874748],[-60.609146,-0.863919],[-60.669417,-0.878077],[-60.75582,-0.837049],[-60.766089,-0.777802],[-60.804419,-0.696138],[-60.90831,-0.615581],[-60.952755,-0.554199],[-61.063315,-0.512808],[-61.157051,-0.514999],[-61.223588,-0.544328],[-61.366092,-0.606698],[-61.456367,-0.656696],[-61.543029,-0.843087],[-61.575535,-0.987805],[-61.546093,-1.070858],[-61.566095,-1.132251],[-61.600832,-1.234469],[-61.595356,-1.365214],[-61.538863,-1.443601],[-61.482203,-1.5803],[-61.740256,-1.391686],[-61.904978,-1.37919],[-61.988866,-1.20141],[-62.110815,-1.06003],[-62.203321,-0.982522],[-62.29776,-0.940586],[-62.366094,-0.868914],[-62.442207,-0.801697],[-62.50162,-0.75423],[-62.463318,-0.687809],[-62.389981,-0.709196],[-62.34394,-0.67339],[-62.287008,-0.638007],[-62.317843,-0.552169],[-62.285902,-0.493278],[-62.234367,-0.42853],[-62.203398,-0.367999],[-62.247844,-0.301609],[-62.244785,-0.211331],[-62.318305,-0.093198],[-62.322209,-0.023924],[-62.422773,0.144997],[-62.452477,0.373854],[-62.521015,0.472096],[-62.457205,0.785515],[-62.443851,0.968768],[-62.471089,1.086598],[-62.619987,1.363003],[-62.730271,1.499945],[-62.79582,1.63098],[-62.705501,1.940031],[-63.070371,2.040293],[-63.164933,2.180621],[-63.399245,2.26619],[-63.394346,2.407385],[-63.543958,2.417558],[-63.714574,2.381231],[-63.867287,2.424791],[-63.999958,2.478937],[-64.046596,2.496108],[-64.046357,2.553161],[-64.017691,2.597856],[-63.983913,2.659688],[-63.991431,2.715273],[-63.993812,2.764732],[-64.012705,2.819443],[-64.061491,2.864306],[-64.110759,2.960826],[-64.184723,3.069046],[-64.233024,3.129941],[-64.213265,3.246659],[-64.248498,3.399466],[-64.186227,3.500032],[-64.204932,3.590179],[-64.282705,3.678861],[-64.356517,3.742404],[-64.451448,3.782976],[-64.523796,3.842338],[-64.621858,3.955564],[-64.680135,4.016719],[-64.739787,4.127674],[-64.821439,4.217801],[-64.779857,4.286994],[-64.654587,4.204659],[-64.593489,4.113683],[-64.485387,4.115879],[-64.385687,4.137553],[-64.27189,4.137351],[-64.226843,4.121056],[-64.167218,4.128033],[-64.117297,4.095931],[-64.091626,4.019007],[-64.024597,3.933817],[-63.965309,3.872237],[-63.936104,3.909212],[-63.882895,3.934094],[-63.834605,3.940383],[-63.796453,3.93357],[-63.74081,3.924871],[-63.700573,3.913311],[-63.677893,3.928664],[-63.693598,3.974546],[-63.66605,4.012083],[-63.604926,3.943151],[-63.590383,3.890986],[-63.538727,3.865609],[-63.497961,3.858493],[-63.455815,3.861188],[-63.427386,3.892325],[-63.427291,3.936715],[-63.428172,3.977551],[-63.330625,3.962548],[-63.285945,3.973105],[-63.244614,3.955725],[-63.213245,3.923417],[-63.226504,3.845054],[-63.191135,3.814896],[-63.12346,3.804858],[-63.078741,3.764494],[-63.08061,3.693682],[-63.02644,3.651366],[-62.969986,3.610948],[-62.921446,3.653833],[-62.846642,3.719948],[-62.797333,3.721165],[-62.743901,3.674912],[-62.734842,3.741228],[-62.740389,3.784543],[-62.754414,3.821574],[-62.768447,3.867556],[-62.786741,3.915074],[-62.747338,3.965616],[-62.753595,4.019302],[-62.713584,4.031045],[-62.657385,4.039429],[-62.601223,4.036717],[-62.561016,4.031916],[-62.541778,4.064762],[-62.545266,4.0995],[-62.524672,4.126838],[-62.500658,4.141438],[-62.462018,4.151683],[-62.44907,4.174482],[-62.388989,4.17838],[-62.352445,4.162647],[-62.306181,4.137437],[-62.261944,4.130818],[-62.218502,4.109505],[-62.165288,4.087642],[-62.114655,4.098461],[-62.088363,4.124564],[-62.058419,4.1558],[-62.021133,4.15754],[-61.98147,4.161781],[-61.933332,4.105119],[-61.922504,4.155869],[-61.870996,4.162375],[-61.835957,4.160673],[-61.807406,4.210426],[-61.763133,4.232823],[-61.736043,4.260609],[-61.708855,4.251759],[-61.652068,4.25439],[-61.624906,4.253081],[-61.577718,4.247268],[-61.515887,4.30623],[-61.520687,4.348532],[-61.514881,4.392182],[-61.47183,4.4247],[-61.435181,4.432754],[-61.406449,4.428609],[-61.36694,4.425534],[-61.320289,4.433559],[-61.297622,4.458011],[-61.305384,4.496692],[-61.307756,4.537114],[-61.258079,4.536799],[-61.23775,4.530041],[-61.200685,4.516899],[-61.152237,4.496047],[-61.106919,4.511789],[-61.065046,4.523503],[-60.995552,4.518033],[-60.955904,4.555968],[-60.934132,4.592164],[-60.94187,4.636472],[-60.925803,4.663389],[-60.894111,4.71626],[-60.838972,4.716434],[-60.790263,4.745825],[-60.742665,4.761675],[-60.719028,4.800011],[-60.667622,4.843126],[-60.648569,4.885503],[-60.601346,4.925651],[-60.603744,5.002495],[-60.627111,5.043487],[-60.642336,5.08956],[-60.657738,5.134244],[-60.680205,5.188943],[-60.718424,5.219815],[-60.655136,5.228609],[-60.603987,5.215835],[-60.564887,5.196248],[-60.481845,5.199577],[-60.429725,5.184732],[-60.370463,5.214774],[-60.337597,5.207712],[-60.287452,5.22876],[-60.234549,5.263099],[-60.194479,5.239704],[-60.138514,5.247502],[-60.106216,5.194489],[-60.074237,5.139378],[-60.04353,5.10957],[-59.999323,5.079636],[-60.00258,5.03441],[-59.995383,4.960876],[-60.002251,4.921161],[-60.012645,4.870347],[-60.032016,4.809828],[-60.028719,4.738651],[-60.033349,4.696943],[-60.074549,4.633103],[-60.105118,4.598043],[-60.137622,4.570376],[-60.163192,4.547911],[-60.138719,4.505599],[-60.087452,4.515846],[-60.070384,4.494211],[-60.018051,4.490397],[-59.969553,4.478389],[-59.92274,4.483892],[-59.899208,4.463384],[-59.860999,4.467186],[-59.827464,4.452008],[-59.792727,4.457267],[-59.763117,4.434242],[-59.719716,4.404862],[-59.680015,4.376945],[-59.702342,4.314797],[-59.728702,4.282155],[-59.731215,4.225329],[-59.721072,4.177364],[-59.661484,4.146721],[-59.629131,4.111972],[-59.637967,4.067358],[-59.610566,4.037665],[-59.599232,4.009584],[-59.583182,3.998433],[-59.574443,3.969279],[-59.523443,3.961681],[-59.538442,3.93255],[-59.568767,3.891675],[-59.592392,3.863743],[-59.584133,3.822601],[-59.611874,3.8036],[-59.632858,3.796732],[-59.67059,3.769012],[-59.669539,3.724255],[-59.697795,3.689013],[-59.743123,3.659699],[-59.779696,3.623211],[-59.820371,3.613703],[-59.86203,3.575814],[-59.841525,3.545938],[-59.802165,3.503428],[-59.81054,3.470153],[-59.833389,3.423108],[-59.810234,3.380234],[-59.82709,3.334285],[-59.854258,3.295669],[-59.877149,3.232398],[-59.908226,3.178429],[-59.916352,3.145915]]]]}},{"type":"Feature","properties":{"uf":"RS","nome":"Rio Grande do Sul"},"geometry":{"type":"MultiPolygon","coordinates":[[[[-52.043669,-31.57374],[-52.111887,-31.56514],[-52.100779,-31.619934],[-52.056774,-31.609374],[-52.07041,-31.652896],[-52.156483,-31.70207],[-52.218436,-31.782976],[-52.222455,-31.842851],[-52.228395,-31.895001],[-52.19595,-31.896217],[-52.10394,-31.986782],[-52.108274,-32.026936],[-52.085136,-32.064853],[-52.101973,-32.128748],[-52.150054,-32.186411],[-52.372547,-32.494435],[-52.517739,-32.91331],[-52.598478,-33.06421],[-52.661823,-33.160551],[-52.792335,-33.299422],[-53.186761,-33.615284],[-53.372677,-33.74458],[-53.432971,-33.726141],[-53.530328,-33.67816],[-53.525706,-33.625583],[-53.515269,-33.584254],[-53.48183,-33.556553],[-53.449752,-33.569597],[-53.452148,-33.524727],[-53.434016,-33.499377],[-53.426971,-33.434109],[-53.469573,-33.263188],[-53.425839,-33.152522],[-53.373273,-33.12614],[-53.319514,-33.05469],[-53.276924,-33.108578],[-53.217312,-33.050423],[-53.159375,-32.969168],[-53.159742,-32.858547],[-53.112827,-32.801296],[-53.055471,-32.818519],[-52.988547,-32.755203],[-52.952114,-32.847749],[-52.869653,-32.90479],[-52.755667,-32.867838],[-52.707522,-32.797414],[-52.634539,-32.663869],[-52.608026,-32.608593],[-52.637153,-32.404249],[-52.689859,-32.299115],[-52.628045,-32.161672],[-52.663039,-32.15734],[-52.70561,-32.168447],[-52.744784,-32.174692],[-52.735055,-32.189959],[-52.751551,-32.207712],[-52.746524,-32.213375],[-52.785831,-32.268802],[-52.806754,-32.31691],[-52.800072,-32.351],[-52.760422,-32.367402],[-52.721633,-32.384643],[-52.822229,-32.454325],[-52.947417,-32.481637],[-52.999718,-32.594096],[-53.072509,-32.64114],[-53.146094,-32.640279],[-53.232267,-32.63083],[-53.282788,-32.62033],[-53.331675,-32.585671],[-53.382696,-32.578743],[-53.453553,-32.52583],[-53.508117,-32.483607],[-53.55139,-32.471411],[-53.610904,-32.402069],[-53.652397,-32.320317],[-53.670626,-32.266679],[-53.697987,-32.204637],[-53.712171,-32.181454],[-53.72588,-32.140907],[-53.73152,-32.105339],[-53.760274,-32.077762],[-53.792697,-32.068592],[-53.833741,-32.041928],[-53.849465,-32.000818],[-53.902273,-31.977936],[-53.96335,-31.950554],[-53.985344,-31.916753],[-54.029862,-31.897236],[-54.080327,-31.928919],[-54.119494,-31.903494],[-54.166395,-31.8656],[-54.463381,-31.619709],[-54.469275,-31.589481],[-54.497484,-31.539944],[-54.535335,-31.497491],[-54.580617,-31.46765],[-54.700567,-31.436614],[-54.763172,-31.426235],[-54.835256,-31.441428],[-54.879818,-31.393299],[-54.922486,-31.380728],[-54.940658,-31.353784],[-54.957289,-31.323252],[-54.993724,-31.288371],[-55.035255,-31.275073],[-55.056634,-31.322071],[-55.112914,-31.309766],[-55.155359,-31.285],[-55.198568,-31.262699],[-55.24739,-31.241117],[-55.271123,-31.194325],[-55.288007,-31.163413],[-55.316941,-31.14444],[-55.330589,-31.09515],[-55.35353,-31.061131],[-55.373186,-31.018942],[-55.424418,-31.011284],[-55.439943,-30.960404],[-55.492426,-30.924617],[-55.531873,-30.901119],[-55.562214,-30.857018],[-55.603621,-30.848994],[-55.662233,-30.872837],[-55.641594,-30.910747],[-55.670073,-30.954544],[-55.716255,-30.942545],[-55.739629,-30.980075],[-55.769349,-31.004465],[-55.82427,-31.037873],[-55.889904,-31.076434],[-55.963414,-31.076964],[-56.014685,-31.054606],[-56.006337,-30.98319],[-56.009418,-30.932532],[-55.999206,-30.881232],[-56.007854,-30.82062],[-56.021518,-30.791918],[-56.065428,-30.767573],[-56.094578,-30.753813],[-56.130553,-30.726851],[-56.13684,-30.68611],[-56.174833,-30.633393],[-56.221649,-30.60129],[-56.251225,-30.58179],[-56.27904,-30.556167],[-56.307009,-30.530392],[-56.346589,-30.505182],[-56.382801,-30.497735],[-56.395324,-30.473584],[-56.411503,-30.439103],[-56.452367,-30.399854],[-56.504792,-30.381246],[-56.544527,-30.358389],[-56.539374,-30.314022],[-56.590312,-30.293601],[-56.623076,-30.266066],[-56.663383,-30.216083],[-56.679105,-30.197238],[-56.718195,-30.180255],[-56.775453,-30.16366],[-56.800669,-30.115348],[-56.853573,-30.088983],[-56.909885,-30.109895],[-56.946176,-30.098683],[-57.030805,-30.101478],[-57.071609,-30.088622],[-57.103325,-30.114928],[-57.107174,-30.138106],[-57.148451,-30.177094],[-57.16048,-30.242211],[-57.195621,-30.268235],[-57.252936,-30.275417],[-57.298964,-30.275505],[-57.356118,-30.279223],[-57.417902,-30.300941],[-57.460192,-30.266881],[-57.518966,-30.286057],[-57.555055,-30.219674],[-57.642721,-30.188407],[-57.565642,-30.170125],[-57.461364,-30.105921],[-57.381813,-30.017881],[-57.322119,-29.928854],[-57.287279,-29.825308],[-57.199552,-29.779605],[-57.045427,-29.701866],[-56.974263,-29.642742],[-56.935565,-29.570858],[-56.887108,-29.524917],[-56.797383,-29.448117],[-56.773552,-29.39271],[-56.69316,-29.341559],[-56.643408,-29.196574],[-56.575453,-29.114343],[-56.500012,-29.087506],[-56.395715,-29.017741],[-56.362428,-28.944255],[-56.312572,-28.911282],[-56.296488,-28.80734],[-56.192146,-28.772333],[-56.116152,-28.679873],[-56.032813,-28.6187],[-56.024345,-28.533155],[-55.94013,-28.491251],[-55.88497,-28.45155],[-55.861419,-28.357335],[-55.740389,-28.374045],[-55.690618,-28.416267],[-55.680529,-28.318962],[-55.772533,-28.272308],[-55.706701,-28.224427],[-55.625569,-28.16667],[-55.58414,-28.122069],[-55.547069,-28.148339],[-55.498363,-28.082955],[-55.441525,-28.093213],[-55.37462,-28.035824],[-55.379757,-28.001221],[-55.335678,-27.960043],[-55.285134,-27.932311],[-55.228313,-27.881536],[-55.161949,-27.870247],[-55.124579,-27.868266],[-55.062665,-27.848339],[-55.030675,-27.825072],[-55.058135,-27.768868],[-55.000825,-27.792755],[-54.941986,-27.774867],[-54.902482,-27.719177],[-54.884525,-27.624573],[-54.82907,-27.561037],[-54.787909,-27.565607],[-54.74167,-27.561289],[-54.671404,-27.550352],[-54.650653,-27.525658],[-54.607806,-27.511242],[-54.586646,-27.45747],[-54.529719,-27.505343],[-54.455766,-27.478158],[-54.468507,-27.428903],[-54.406418,-27.404529],[-54.342978,-27.464772],[-54.335544,-27.401153],[-54.276403,-27.443283],[-54.248944,-27.392826],[-54.210442,-27.353624],[-54.18551,-27.269186],[-54.156116,-27.287441],[-54.075439,-27.294353],[-54.018822,-27.225661],[-53.963003,-27.195358],[-53.932748,-27.153181],[-53.874341,-27.127249],[-53.813935,-27.173645],[-53.71732,-27.181865],[-53.641969,-27.220393],[-53.517608,-27.199517],[-53.46298,-27.151638],[-53.347426,-27.116983],[-53.314929,-27.216266],[-53.180025,-27.182218],[-53.071752,-27.15709],[-53.020028,-27.095037],[-52.984278,-27.151705],[-52.951253,-27.161602],[-52.84361,-27.177594],[-52.76303,-27.242972],[-52.693288,-27.282617],[-52.6003,-27.254854],[-52.481506,-27.244736],[-52.418804,-27.282224],[-52.337394,-27.294242],[-52.253419,-27.25702],[-52.22372,-27.328584],[-52.160912,-27.313519],[-52.017762,-27.33127],[-51.953926,-27.394365],[-51.936007,-27.437703],[-51.901887,-27.495536],[-51.853843,-27.517923],[-51.799552,-27.496384],[-51.676061,-27.506198],[-51.63144,-27.537784],[-51.558882,-27.576103],[-51.465908,-27.60384],[-51.376745,-27.661638],[-51.308228,-27.718955],[-51.227451,-27.773419],[-51.130784,-27.829554],[-51.053168,-27.877155],[-50.979194,-27.947554],[-50.892718,-28.020263],[-50.868815,-28.108899],[-50.786035,-28.142848],[-50.755401,-28.213248],[-50.65891,-28.321619],[-50.591177,-28.381654],[-50.498744,-28.412199],[-50.371838,-28.429046],[-50.296124,-28.445291],[-50.215571,-28.456662],[-50.149173,-28.471899],[-50.107367,-28.472606],[-50.023265,-28.456999],[-49.950906,-28.450112],[-49.898077,-28.462723],[-49.863069,-28.46208],[-49.815529,-28.477891],[-49.785348,-28.487663],[-49.739808,-28.500641],[-49.724972,-28.569456],[-49.704177,-28.629034],[-49.780403,-28.629773],[-49.817871,-28.653626],[-49.822683,-28.687735],[-49.859955,-28.69955],[-49.881729,-28.719645],[-49.921499,-28.745645],[-49.952389,-28.783588],[-49.962791,-28.826133],[-49.966152,-28.873412],[-49.947628,-28.900126],[-49.955602,-28.940321],[-49.945573,-28.995519],[-49.954996,-29.035017],[-49.967548,-29.067623],[-49.96235,-29.099872],[-49.986361,-29.136144],[-50.018799,-29.153859],[-50.041814,-29.183519],[-50.078898,-29.17547],[-50.097072,-29.18015],[-50.100915,-29.224714],[-50.133379,-29.20841],[-50.148712,-29.241239],[-50.142259,-29.291763],[-50.084041,-29.316072],[-50.049415,-29.33887],[-50.114169,-29.258757],[-50.03798,-29.236809],[-49.932845,-29.203123],[-49.856519,-29.232835],[-49.846949,-29.272713],[-49.767194,-29.298315],[-49.735881,-29.325008],[-49.75271,-29.380672],[-49.958786,-29.667411],[-50.07504,-29.883947],[-50.167957,-30.097165],[-50.257818,-30.321571],[-50.342851,-30.515885],[-50.479068,-30.702202],[-50.686659,-30.989874],[-50.965182,-31.302515],[-51.221434,-31.536384],[-51.533587,-31.76107],[-51.662749,-31.829211],[-52.03997,-32.106671],[-52.07636,-32.111704],[-52.041585,-32.027072],[-52.018174,-31.964186],[-52.061486,-31.884313],[-52.084385,-31.827918],[-51.863887,-31.86984],[-51.803139,-31.814913],[-51.854942,-31.805024],[-51.643887,-31.751945],[-51.542535,-31.640714],[-51.483901,-31.564819],[-51.462305,-31.560311],[-51.415598,-31.489538],[-51.340811,-31.521216],[-51.242382,-31.46163],[-51.162022,-31.295121],[-51.176964,-31.084581],[-51.099395,-31.096328],[-50.994415,-31.047578],[-50.952397,-30.979728],[-50.934493,-30.903837],[-50.822785,-30.85142],[-50.746756,-30.811451],[-50.703068,-30.748329],[-50.685797,-30.500275],[-50.717009,-30.351462],[-50.646325,-30.395027],[-50.63726,-30.378314],[-50.592631,-30.399796],[-50.647782,-30.41187],[-50.58213,-30.489608],[-50.562854,-30.40775],[-50.548385,-30.327514],[-50.556916,-30.250427],[-50.590733,-30.206066],[-50.658359,-30.199399],[-50.665612,-30.259612],[-50.729754,-30.296655],[-50.792978,-30.321144],[-50.803215,-30.335324],[-50.906452,-30.322771],[-50.931408,-30.425096],[-51.012475,-30.38914],[-51.041888,-30.371721],[-51.034144,-30.336264],[-51.042194,-30.268153],[-51.101333,-30.245083],[-51.157841,-30.261959],[-51.176939,-30.219429],[-51.224378,-30.187703],[-51.229746,-30.161035],[-51.258127,-30.111222],[-51.242001,-30.043061],[-51.271365,-30.038452],[-51.299679,-30.033762],[-51.308477,-30.085696],[-51.311174,-30.137003],[-51.316646,-30.197682],[-51.312752,-30.239277],[-51.287006,-30.258215],[-51.256556,-30.305337],[-51.209663,-30.304111],[-51.128628,-30.358932],[-51.120378,-30.401133],[-51.146208,-30.420567],[-51.24676,-30.450408],[-51.302811,-30.588027],[-51.30594,-30.714971],[-51.376496,-30.639857],[-51.368619,-30.873673],[-51.496093,-30.914872],[-51.451374,-31.0824],[-51.523009,-31.108821],[-51.606894,-31.133889],[-51.629207,-31.26088],[-51.688232,-31.267414],[-51.747827,-31.277945],[-51.833223,-31.305721],[-51.869456,-31.294327],[-51.918857,-31.310252],[-51.948025,-31.338813],[-51.967314,-31.377583],[-52.009644,-31.500188],[-52.032213,-31.694637],[-52.046974,-31.653029],[-52.052488,-31.587189],[-52.043669,-31.57374]]],[[[-51.295483,-30.750499],[-51.323411,-30.780352],[-51.295483,-30.750499]]],[[[-50.098154,-29.23608],[-50.098154,-29.23608]]],[[[-51.148111,-30.472971],[-51.148111,-30.472971]]],[[[-49.95607,-29.06698],[-49.95607,-29.06698]]],[[[-51.294501,-30.053588],[-51.294501,-30.053588]]],[[[-52.101693,-31.801463],[-52.101693,-31.801463]]],[[[-53.418556,-33.129563],[-53.418556,-33.129563]]],[[[-49.968549,-29.120472],[-49.968549,-29.120472]]],[[[-51.464724,-31.549706],[-51.464724,-31.549706]]],[[[-51.169024,-30.264125],[-51.157841,-30.261959],[-51.163465,-30.266056],[-51.169024,-30.264125]]],[[[-51.104953,-30.259277],[-51.102128,-30.253869],[-51.100292,-30.258867],[-51.104953,-30.259277]]],[[[-52.044462,-31.567576],[-52.043669,-31.57374],[-52.046969,-31.571849],[-52.044462,-31.567576]]],[[[-51.191486,-30.234579],[-51.187793,-30.233682],[-51.190905,-30.238349],[-51.191486,-30.234579]]]]}},{"type":"Feature","properties":{"uf":"SC","nome":"Santa Catarina"},"geometry":{"type":"MultiPolygon","coordinates":[[[[-53.720454,-26.559912],[-53.725181,-26.540689],[-53.718159,-26.50653],[-53.694555,-26.474833],[-53.695267,-26.44473],[-53.695833,-26.40262],[-53.692485,-26.360682],[-53.676255,-26.332264],[-53.655916,-26.29724],[-53.642566,-26.252258],[-53.571698,-26.275142],[-53.460687,-26.294716],[-53.357705,-26.249304],[-53.314064,-26.257101],[-53.261685,-26.28782],[-53.183951,-26.343369],[-53.108999,-26.376273],[-52.949957,-26.361827],[-52.843514,-26.345454],[-52.737252,-26.341682],[-52.620606,-26.39502],[-52.554861,-26.411157],[-52.446064,-26.439449],[-52.352618,-26.440856],[-52.270643,-26.459463],[-52.157278,-26.471389],[-52.092897,-26.512491],[-52.03231,-26.540437],[-51.971134,-26.567489],[-51.854606,-26.592002],[-51.745659,-26.577532],[-51.587101,-26.589405],[-51.476311,-26.619415],[-51.411026,-26.71679],[-51.352637,-26.651666],[-51.277078,-26.635799],[-51.237332,-26.604022],[-51.24011,-26.544691],[-51.271542,-26.504455],[-51.264347,-26.461003],[-51.292231,-26.403973],[-51.256334,-26.356288],[-51.215718,-26.313497],[-51.14347,-26.285304],[-51.089063,-26.246485],[-50.969726,-26.263059],[-50.900534,-26.28816],[-50.831666,-26.26635],[-50.731307,-26.202919],[-50.640515,-26.078405],[-50.582872,-26.047537],[-50.502186,-26.027882],[-50.458705,-26.035869],[-50.407795,-26.061058],[-50.354719,-26.118311],[-50.331972,-26.107783],[-50.276375,-26.051288],[-50.223618,-26.060273],[-50.161727,-26.054129],[-50.141516,-26.027111],[-50.109898,-26.0588],[-50.044046,-26.029224],[-49.971503,-26.016604],[-49.938313,-26.02281],[-49.870277,-26.043298],[-49.830173,-26.069049],[-49.787547,-26.108006],[-49.749504,-26.128837],[-49.688331,-26.176201],[-49.652711,-26.186709],[-49.634748,-26.208134],[-49.579708,-26.227643],[-49.536382,-26.226372],[-49.502638,-26.221491],[-49.485402,-26.184437],[-49.416759,-26.164969],[-49.367281,-26.144083],[-49.30427,-26.109531],[-49.277922,-26.081588],[-49.255541,-26.067159],[-49.217113,-26.023547],[-49.174795,-26.001348],[-49.125072,-25.995744],[-49.069057,-26.005527],[-49.002702,-26.010552],[-48.961518,-25.983708],[-48.675659,-25.977097],[-48.633036,-25.976958],[-48.59739,-25.976681],[-48.580494,-26.164765],[-48.506195,-26.224967],[-48.531809,-26.283224],[-48.591795,-26.406292],[-48.61072,-26.474537],[-48.666442,-26.585973],[-48.686501,-26.67519],[-48.670885,-26.761923],[-48.603314,-26.782587],[-48.60092,-26.822097],[-48.641347,-26.892304],[-48.6234,-26.960758],[-48.610428,-27.00391],[-48.573236,-27.017368],[-48.591719,-27.06134],[-48.607939,-27.092851],[-48.562303,-27.154045],[-48.526086,-27.126242],[-48.483981,-27.148659],[-48.495503,-27.166192],[-48.497596,-27.216978],[-48.514489,-27.18466],[-48.583096,-27.209589],[-48.615278,-27.273975],[-48.569613,-27.309408],[-48.543485,-27.297153],[-48.533161,-27.351403],[-48.542214,-27.368512],[-48.567371,-27.408252],[-48.59432,-27.425389],[-48.638929,-27.469454],[-48.622119,-27.537399],[-48.593586,-27.574296],[-48.584095,-27.613591],[-48.624816,-27.612533],[-48.621806,-27.657423],[-48.592798,-27.767591],[-48.597452,-27.852768],[-48.574187,-27.879904],[-48.606748,-27.925426],[-48.63028,-28.000503],[-48.601706,-28.03426],[-48.626524,-28.075022],[-48.634988,-28.114054],[-48.653326,-28.154571],[-48.666998,-28.215126],[-48.68229,-28.265928],[-48.711797,-28.346365],[-48.755037,-28.437886],[-48.742512,-28.507569],[-48.783175,-28.56897],[-48.834465,-28.611804],[-49.215361,-28.824348],[-49.42404,-28.999367],[-49.538211,-29.120165],[-49.729885,-29.317319],[-49.791585,-29.285387],[-49.846521,-29.258877],[-49.879335,-29.220616],[-49.962461,-29.198392],[-50.064241,-29.245302],[-50.092402,-29.296374],[-50.057257,-29.327222],[-50.105714,-29.299093],[-50.148181,-29.282925],[-50.146973,-29.229133],[-50.139618,-29.193416],[-50.092698,-29.221853],[-50.090325,-29.181079],[-50.08791,-29.175144],[-50.055511,-29.183404],[-50.01931,-29.165703],[-49.989829,-29.128253],[-49.963833,-29.114166],[-49.953593,-29.075797],[-49.963638,-29.064236],[-49.953686,-29.037371],[-49.951,-28.998997],[-49.95587,-28.96134],[-49.95146,-28.90298],[-49.953025,-28.869904],[-49.955412,-28.825916],[-49.952386,-28.78359],[-49.927884,-28.751209],[-49.884495,-28.717841],[-49.871583,-28.70402],[-49.820651,-28.693172],[-49.816666,-28.653636],[-49.781241,-28.62824],[-49.707893,-28.630008],[-49.719444,-28.576458],[-49.744898,-28.504545],[-49.777933,-28.475359],[-49.816246,-28.470767],[-49.863462,-28.47113],[-49.888136,-28.457577],[-49.950154,-28.465717],[-50.018072,-28.451848],[-50.099554,-28.484785],[-50.158962,-28.459573],[-50.20031,-28.443896],[-50.291909,-28.450703],[-50.369599,-28.424042],[-50.470355,-28.414367],[-50.58037,-28.390016],[-50.659499,-28.3233],[-50.754914,-28.215671],[-50.788894,-28.151696],[-50.870808,-28.116067],[-50.87653,-28.040876],[-50.971987,-27.95563],[-51.055159,-27.886411],[-51.124085,-27.832474],[-51.223482,-27.770749],[-51.30745,-27.719223],[-51.369166,-27.67196],[-51.45688,-27.606085],[-51.553538,-27.563063],[-51.622312,-27.545956],[-51.669066,-27.514279],[-51.797897,-27.490565],[-51.846891,-27.525439],[-51.889038,-27.519828],[-51.938286,-27.443478],[-51.958114,-27.393874],[-52.008769,-27.333937],[-52.150473,-27.310757],[-52.212554,-27.330277],[-52.249393,-27.25871],[-52.32877,-27.300468],[-52.395344,-27.292156],[-52.478147,-27.234874],[-52.589831,-27.248019],[-52.691453,-27.282839],[-52.754211,-27.256722],[-52.845248,-27.192795],[-52.937504,-27.170775],[-52.983128,-27.164235],[-53.024389,-27.105295],[-53.070982,-27.146827],[-53.176673,-27.17858],[-53.309484,-27.216853],[-53.342284,-27.118628],[-53.457457,-27.155564],[-53.509056,-27.20326],[-53.63451,-27.218553],[-53.713564,-27.179525],[-53.810299,-27.172727],[-53.798324,-27.137612],[-53.817647,-27.102081],[-53.799423,-27.084821],[-53.774549,-27.06977],[-53.771214,-27.063551],[-53.769998,-27.035606],[-53.753471,-27.006015],[-53.723502,-26.992539],[-53.72649,-26.961679],[-53.70824,-26.937144],[-53.694976,-26.928088],[-53.693339,-26.886286],[-53.669243,-26.85304],[-53.697034,-26.825949],[-53.713239,-26.786872],[-53.728571,-26.772931],[-53.735373,-26.740446],[-53.73956,-26.717105],[-53.735127,-26.683637],[-53.719769,-26.651811],[-53.740728,-26.641314],[-53.728533,-26.600895],[-53.720454,-26.559912],[-53.720454,-26.559912]]],[[[-48.41035,-27.38943],[-48.36503,-27.433475],[-48.385618,-27.487256],[-48.426345,-27.56937],[-48.43191,-27.616838],[-48.475032,-27.665701],[-48.495247,-27.756337],[-48.4882,-27.789631],[-48.533283,-27.797191],[-48.566449,-27.799976],[-48.558638,-27.74506],[-48.562305,-27.695613],[-48.544637,-27.64579],[-48.549742,-27.612317],[-48.532657,-27.571301],[-48.530126,-27.538973],[-48.530057,-27.491417],[-48.519537,-27.461563],[-48.519384,-27.429119],[-48.426481,-27.403579],[-48.41035,-27.38943]]],[[[-48.565368,-27.477238],[-48.562149,-27.473866],[-48.563643,-27.479519],[-48.565368,-27.477238]]]]}},{"type":"Feature","properties":{"uf":"SE","nome":"Sergipe"},"geometry":{"type":"MultiPolygon","coordinates":[[[[-37.960063,-9.532816],[-37.806669,-9.609685],[-37.698984,-9.637574],[-37.466452,-9.749101],[-37.285005,-9.830535],[-37.043347,-9.98742],[-36.957692,-10.036254],[-36.920676,-10.127386],[-36.846334,-10.179389],[-36.749301,-10.249108],[-36.623312,-10.25773],[-36.551308,-10.424709],[-36.463078,-10.4063],[-36.405787,-10.51726],[-36.49248,-10.535534],[-36.619989,-10.589009],[-36.752375,-10.667889],[-36.874906,-10.765587],[-36.989935,-10.897984],[-37.073464,-11.022826],[-37.13054,-11.104824],[-37.20968,-11.226161],[-37.304764,-11.382366],[-37.371468,-11.455138],[-37.515111,-11.537696],[-37.588375,-11.528193],[-37.648293,-11.519975],[-37.699565,-11.562016],[-37.751997,-11.532855],[-37.808742,-11.496368],[-37.851113,-11.448708],[-37.875741,-11.423907],[-37.91551,-11.403981],[-37.95245,-11.395491],[-37.969231,-11.373509],[-37.98786,-11.331121],[-37.985974,-11.26939],[-37.98948,-11.229621],[-38.000339,-11.193642],[-38.072578,-11.139118],[-38.086316,-11.061825],[-38.106058,-11.015435],[-38.183325,-10.966848],[-38.23051,-10.90574],[-38.241463,-10.800222],[-38.198403,-10.706486],[-38.105718,-10.710414],[-38.01882,-10.763489],[-37.839263,-10.555642],[-37.81265,-10.508062],[-37.844352,-10.403078],[-37.809894,-10.366007],[-37.77976,-10.187445],[-37.831385,-10.0005],[-37.987504,-9.921464],[-37.976195,-9.841678],[-38.037526,-9.749039],[-37.987479,-9.646968],[-38.037501,-9.607174],[-38.021499,-9.549244],[-37.960063,-9.532816]]]]}},{"type":"Feature","properties":{"uf":"SP","nome":"S\u00e3o Paulo"},"geometry":{"type":"MultiPolygon","coordinates":[[[[-46.137723,-23.858882],[-46.146226,-23.894296],[-46.167882,-23.936772],[-46.199532,-23.994413],[-46.263202,-24.013832],[-46.284234,-24.027042],[-46.318173,-24.023843],[-46.318336,-23.97697],[-46.371584,-23.979312],[-46.392048,-23.996021],[-46.401866,-24.017069],[-46.78348,-24.184407],[-46.880593,-24.242037],[-47.000199,-24.354563],[-47.008781,-24.408445],[-47.091371,-24.456502],[-47.19148,-24.53479],[-47.240645,-24.57291],[-47.396681,-24.662238],[-47.536846,-24.741416],[-47.648553,-24.815854],[-47.873069,-25.011861],[-47.902143,-25.080292],[-47.916148,-25.154306],[-47.97101,-25.198588],[-48.095702,-25.308568],[-48.026962,-25.227564],[-48.056513,-25.232575],[-48.10708,-25.245949],[-48.167939,-25.159413],[-48.194204,-25.108706],[-48.209796,-25.03585],[-48.230512,-25.000289],[-48.277252,-25.019366],[-48.325518,-25.054443],[-48.354266,-25.019456],[-48.48368,-25.040114],[-48.542169,-25.09339],[-48.584345,-25.032241],[-48.577006,-24.984131],[-48.566661,-24.903368],[-48.546354,-24.873257],[-48.55527,-24.8057],[-48.503493,-24.739634],[-48.538139,-24.726892],[-48.567824,-24.695109],[-48.616137,-24.668171],[-48.671025,-24.698167],[-48.693295,-24.689622],[-48.765191,-24.690342],[-48.84339,-24.662102],[-48.914774,-24.68241],[-48.977591,-24.665202],[-49.03293,-24.633966],[-49.072451,-24.678191],[-49.128767,-24.680653],[-49.20611,-24.697818],[-49.301167,-24.649354],[-49.310566,-24.60246],[-49.305085,-24.54589],[-49.270693,-24.482938],[-49.252155,-24.433606],[-49.240912,-24.384644],[-49.289515,-24.294918],[-49.307482,-24.256629],[-49.344629,-24.193693],[-49.370358,-24.113886],[-49.41721,-24.091104],[-49.452956,-24.052685],[-49.489665,-24.018161],[-49.493201,-23.977105],[-49.520611,-23.945606],[-49.545944,-23.922615],[-49.573111,-23.877458],[-49.598085,-23.848807],[-49.577935,-23.826588],[-49.560183,-23.760875],[-49.556777,-23.690685],[-49.582629,-23.669814],[-49.60581,-23.624536],[-49.600689,-23.574739],[-49.628701,-23.51174],[-49.602084,-23.470145],[-49.580301,-23.431092],[-49.60516,-23.38426],[-49.62895,-23.343267],[-49.647744,-23.2379],[-49.700907,-23.152541],[-49.762459,-23.105085],[-49.819622,-23.07626],[-49.911112,-23.050628],[-49.973555,-22.954252],[-50.017033,-22.910376],[-50.112962,-22.937813],[-50.233731,-22.952768],[-50.310006,-22.947291],[-50.418453,-22.915003],[-50.520035,-22.940028],[-50.648317,-22.896561],[-50.802512,-22.942922],[-50.832725,-22.857802],[-51.057114,-22.765573],[-51.280928,-22.665994],[-51.445795,-22.652778],[-51.658823,-22.656872],[-51.746765,-22.622773],[-51.940008,-22.566862],[-52.089126,-22.520765],[-52.161132,-22.601363],[-52.249904,-22.614947],[-52.483406,-22.626621],[-52.60274,-22.570728],[-52.865708,-22.602978],[-53.052965,-22.630236],[-53.004139,-22.503407],[-52.69462,-22.314133],[-52.479454,-22.200405],[-52.263189,-21.911822],[-52.102396,-21.744795],[-52.102787,-21.558588],[-51.919202,-21.421793],[-51.87526,-21.180571],[-51.771635,-21.048282],[-51.629876,-20.851414],[-51.576217,-20.624854],[-51.410522,-20.460112],[-51.308098,-20.333601],[-51.048322,-20.198106],[-50.944797,-20.028628],[-50.85289,-19.970972],[-50.616031,-19.861264],[-50.507632,-19.79563],[-50.352314,-19.864117],[-50.10233,-19.875441],[-49.834781,-19.932842],[-49.570091,-19.910159],[-49.355994,-19.986239],[-49.246546,-19.982066],[-49.265649,-20.227338],[-49.130296,-20.279669],[-48.991778,-20.164918],[-48.88632,-20.435876],[-48.871743,-20.241377],[-48.732281,-20.150187],[-48.588213,-20.134528],[-48.37646,-20.122009],[-48.267984,-20.142414],[-48.225158,-20.028827],[-48.121654,-20.134651],[-47.986753,-20.040068],[-47.878159,-20.102566],[-47.851276,-19.990459],[-47.673732,-20.010888],[-47.553686,-19.995504],[-47.469587,-19.962645],[-47.414168,-20.068476],[-47.256588,-20.165722],[-47.281368,-20.312103],[-47.293975,-20.380286],[-47.293025,-20.417542],[-47.269445,-20.466029],[-47.147965,-20.52926],[-47.1099,-20.627423],[-47.113084,-20.699307],[-47.181853,-20.740872],[-47.239588,-20.884798],[-47.164072,-20.965565],[-47.152723,-21.025409],[-47.112335,-21.108153],[-47.098248,-21.213003],[-47.060195,-21.240481],[-47.028397,-21.313003],[-47.009472,-21.393],[-46.976472,-21.422486],[-46.933681,-21.42473],[-46.89285,-21.415128],[-46.841666,-21.388626],[-46.780746,-21.370126],[-46.717281,-21.390898],[-46.646092,-21.366171],[-46.620097,-21.425244],[-46.549639,-21.440228],[-46.508415,-21.488635],[-46.50922,-21.564682],[-46.546916,-21.629943],[-46.6285,-21.696058],[-46.641053,-21.771263],[-46.676689,-21.84985],[-46.656592,-21.938934],[-46.614219,-22.014709],[-46.676609,-22.023507],[-46.705649,-22.078472],[-46.659123,-22.093314],[-46.612588,-22.149758],[-46.679529,-22.216392],[-46.701881,-22.277383],[-46.710364,-22.318836],[-46.690277,-22.346257],[-46.666102,-22.413897],[-46.59937,-22.44105],[-46.551101,-22.459486],[-46.490724,-22.50989],[-46.415976,-22.544354],[-46.417082,-22.604817],[-46.405412,-22.672061],[-46.454707,-22.670608],[-46.472311,-22.704705],[-46.422609,-22.73206],[-46.334763,-22.759699],[-46.373886,-22.843403],[-46.347982,-22.902277],[-46.25971,-22.885259],[-46.136435,-22.89004],[-46.050823,-22.895825],[-45.954686,-22.851061],[-45.893556,-22.838698],[-45.856962,-22.854825],[-45.809353,-22.828884],[-45.754468,-22.792415],[-45.729532,-22.798407],[-45.717305,-22.754691],[-45.819423,-22.722059],[-45.748783,-22.669687],[-45.71713,-22.620497],[-45.687539,-22.579029],[-45.669327,-22.648098],[-45.563212,-22.612249],[-45.549656,-22.652102],[-45.480841,-22.590696],[-45.408352,-22.632988],[-45.334667,-22.621018],[-45.222652,-22.563132],[-45.121231,-22.49477],[-45.013675,-22.466829],[-44.859394,-22.422566],[-44.778997,-22.408009],[-44.722273,-22.473814],[-44.6879,-22.521502],[-44.646682,-22.584138],[-44.591036,-22.622464],[-44.537018,-22.631869],[-44.482963,-22.604043],[-44.41629,-22.601315],[-44.359936,-22.581267],[-44.347255,-22.590065],[-44.295348,-22.597746],[-44.230658,-22.607426],[-44.183841,-22.636795],[-44.168724,-22.688213],[-44.216587,-22.732862],[-44.24757,-22.789962],[-44.316986,-22.839449],[-44.401243,-22.854072],[-44.478369,-22.866552],[-44.532585,-22.868728],[-44.638578,-22.913691],[-44.751829,-22.96195],[-44.802203,-22.998642],[-44.811128,-23.054006],[-44.815769,-23.109701],[-44.824436,-23.160976],[-44.87593,-23.1974],[-44.836513,-23.256306],[-44.780061,-23.315282],[-44.733473,-23.364127],[-44.785695,-23.371107],[-44.843778,-23.386942],[-44.886678,-23.353381],[-44.922546,-23.350592],[-44.966196,-23.386675],[-45.009488,-23.408786],[-45.04844,-23.418346],[-45.037927,-23.447757],[-45.059736,-23.46674],[-45.081623,-23.521264],[-45.111202,-23.49594],[-45.116417,-23.519964],[-45.165426,-23.491867],[-45.174303,-23.542797],[-45.218097,-23.556266],[-45.234268,-23.582654],[-45.278265,-23.588263],[-45.333413,-23.589402],[-45.380768,-23.626164],[-45.429742,-23.655282],[-45.412171,-23.722995],[-45.399408,-23.776284],[-45.413508,-23.822204],[-45.467919,-23.82017],[-45.535542,-23.824215],[-45.605762,-23.79961],[-45.664538,-23.785314],[-45.696132,-23.775679],[-45.761739,-23.763179],[-45.820611,-23.757516],[-45.991539,-23.795092],[-46.044075,-23.830389],[-46.133267,-23.856877],[-46.137723,-23.858882]]],[[[-45.320935,-23.914938],[-45.361849,-23.928596],[-45.443179,-23.933998],[-45.446035,-23.877165],[-45.411842,-23.846584],[-45.36264,-23.786139],[-45.346624,-23.738716],[-45.290016,-23.73612],[-45.249192,-23.762427],[-45.241687,-23.811452],[-45.241168,-23.838515],[-45.275734,-23.84143],[-45.276924,-23.88329],[-45.226076,-23.906525],[-45.234135,-23.947197],[-45.283235,-23.936779],[-45.317106,-23.914497],[-45.320935,-23.914938]]],[[[-45.077848,-23.535286],[-45.079198,-23.563836],[-45.077848,-23.535286]]],[[[-45.139775,-23.799866],[-45.139775,-23.799866]]],[[[-45.163376,-23.566709],[-45.163376,-23.566709]]],[[[-45.01966,-23.758692],[-45.01966,-23.758692]]],[[[-45.779012,-23.867611],[-45.779012,-23.867611]]],[[[-45.293576,-23.596097],[-45.293576,-23.596097]]],[[[-45.018595,-23.754241],[-45.018595,-23.754241]]],[[[-45.725934,-23.800637],[-45.725934,-23.800637]]],[[[-45.526033,-23.849328],[-45.526033,-23.849328]]],[[[-46.906652,-24.389684],[-46.906652,-24.389684]]],[[[-46.909409,-24.373831],[-46.909409,-24.373831]]],[[[-45.033318,-23.548712],[-45.033318,-23.548712]]],[[[-44.851379,-23.399177],[-44.851379,-23.399177]]],[[[-44.948537,-23.38621],[-44.948537,-23.38621]]],[[[-46.979876,-24.37096],[-46.979876,-24.37096]]],[[[-47.913506,-25.166847],[-47.911411,-25.162919],[-47.908408,-25.166948],[-47.913506,-25.166847]]],[[[-45.228607,-23.813211],[-45.225242,-23.813678],[-45.228225,-23.817086],[-45.228607,-23.813211]]],[[[-45.325172,-23.915907],[-45.325172,-23.915907]]],[[[-45.714043,-23.790181],[-45.712564,-23.787262],[-45.709084,-23.788211],[-45.714043,-23.790181]]],[[[-45.276823,-23.853116],[-45.276823,-23.853116]]],[[[-45.297189,-23.920585],[-45.297003,-23.916967],[-45.294481,-23.918756],[-45.297189,-23.920585]]],[[[-45.156356,-23.830774],[-45.153855,-23.828627],[-45.153078,-23.831627],[-45.156356,-23.830774]]],[[[-45.671725,-23.804677],[-45.670327,-23.802003],[-45.668829,-23.804942],[-45.671725,-23.804677]]]]}},{"type":"Feature","properties":{"uf":"TO","nome":"Tocantins"},"geometry":{"type":"MultiPolygon","coordinates":[[[[-47.032958,-8.982325],[-47.043053,-9.026149],[-47.045244,-9.06811],[-46.998272,-9.075994],[-46.923479,-9.097378],[-46.889891,-9.130753],[-46.827384,-9.193867],[-46.843139,-9.300769],[-46.765413,-9.401795],[-46.665546,-9.391517],[-46.613027,-9.464878],[-46.557611,-9.533777],[-46.606438,-9.651481],[-46.572068,-9.783602],[-46.489713,-9.860743],[-46.476581,-9.95234],[-46.383468,-10.119959],[-46.194119,-10.182201],[-45.973525,-10.247959],[-45.726219,-10.156444],[-45.723632,-10.31681],[-45.830591,-10.437862],[-45.983712,-10.529603],[-46.076626,-10.606693],[-46.207357,-10.661344],[-46.275463,-10.823201],[-46.360113,-10.961349],[-46.499355,-11.206433],[-46.593564,-11.356411],[-46.519635,-11.483129],[-46.401438,-11.540689],[-46.217883,-11.580675],[-46.085962,-11.627458],[-46.25585,-11.620751],[-46.308546,-11.703649],[-46.332715,-11.796276],[-46.370912,-11.854035],[-46.212992,-11.898181],[-46.325276,-11.958062],[-46.381675,-12.052572],[-46.370292,-12.127389],[-46.376645,-12.19714],[-46.369561,-12.279624],[-46.35142,-12.326424],[-46.300598,-12.41535],[-46.250997,-12.494388],[-46.194314,-12.529563],[-46.261008,-12.64597],[-46.279902,-12.750308],[-46.267395,-12.83898],[-46.275239,-12.934807],[-46.176573,-12.939195],[-46.319974,-12.980393],[-46.367987,-12.937694],[-46.368717,-12.877119],[-46.407334,-12.83881],[-46.452563,-12.964022],[-46.835605,-13.033573],[-46.871154,-13.060354],[-46.942334,-13.097538],[-47.004628,-13.131664],[-47.047096,-13.157206],[-47.089549,-13.173579],[-47.134841,-13.188905],[-47.211663,-13.192543],[-47.267028,-13.246913],[-47.337215,-13.24589],[-47.397076,-13.260664],[-47.465469,-13.226956],[-47.534661,-13.18547],[-47.63434,-13.104065],[-47.651462,-13.149662],[-47.663293,-13.201209],[-47.657013,-13.234284],[-47.655217,-13.319891],[-47.654152,-13.4146],[-47.844019,-13.318205],[-47.903267,-13.30196],[-47.971626,-13.300409],[-48.032679,-13.253545],[-48.071854,-13.267184],[-48.112707,-13.2916],[-48.162126,-13.246517],[-48.154395,-13.164636],[-48.211068,-13.1737],[-48.262504,-13.197414],[-48.292677,-13.214951],[-48.329681,-13.231597],[-48.370545,-13.249044],[-48.403914,-13.268619],[-48.446408,-13.283302],[-48.474827,-13.235304],[-48.47918,-13.132784],[-48.529935,-13.192131],[-48.55929,-13.27351],[-48.593191,-13.249615],[-48.583266,-13.180458],[-48.585205,-13.105646],[-48.601652,-13.059894],[-48.65666,-13.005015],[-48.711959,-12.999327],[-48.748436,-12.917224],[-48.805034,-12.867235],[-48.844876,-12.840276],[-48.868121,-12.815454],[-49.024068,-12.906177],[-49.080486,-12.883518],[-49.109683,-12.820746],[-49.192654,-12.856694],[-49.249067,-12.902355],[-49.283436,-12.99123],[-49.354374,-13.15335],[-49.341618,-13.254699],[-49.938963,-12.9565],[-50.038462,-12.93484],[-50.126494,-12.904747],[-50.195325,-12.890224],[-50.231318,-12.858027],[-50.2628,-12.846703],[-50.30613,-12.804528],[-50.291822,-12.736511],[-50.285548,-12.681632],[-50.256654,-12.634533],[-50.202964,-12.563778],[-50.215575,-12.485135],[-50.170767,-12.419582],[-50.211873,-12.436699],[-50.289273,-12.487656],[-50.343167,-12.533099],[-50.369315,-12.559564],[-50.406707,-12.614255],[-50.432841,-12.65685],[-50.463931,-12.703074],[-50.468069,-12.754976],[-50.4906,-12.828414],[-50.579056,-12.801752],[-50.629789,-12.775646],[-50.649009,-12.666932],[-50.680603,-12.597091],[-50.646068,-12.47943],[-50.643581,-12.34637],[-50.678209,-12.218432],[-50.666982,-12.072446],[-50.676356,-11.985347],[-50.640104,-11.902272],[-50.701652,-11.795626],[-50.661259,-11.621685],[-50.741594,-11.454492],[-50.696352,-11.304255],[-50.663454,-11.158602],[-50.617127,-11.002017],[-50.611171,-10.868088],[-50.577298,-10.732975],[-50.551912,-10.609845],[-50.488714,-10.494716],[-50.404769,-10.283797],[-50.356573,-10.085432],[-50.278482,-9.954847],[-50.217154,-9.834165],[-50.149709,-9.674325],[-50.089103,-9.545295],[-50.05535,-9.341912],[-49.907238,-9.173427],[-49.793207,-8.979036],[-49.588045,-8.831012],[-49.461412,-8.6348],[-49.288805,-8.3851],[-49.206879,-8.122111],[-49.169195,-7.954402],[-49.202692,-7.774108],[-49.381363,-7.566278],[-49.215476,-7.297348],[-49.211466,-6.979466],[-49.119925,-6.872308],[-48.849328,-6.748534],[-48.654916,-6.650259],[-48.564507,-6.414593],[-48.423934,-6.356628],[-48.416852,-6.289082],[-48.390851,-6.146329],[-48.332272,-6.037893],[-48.239283,-5.951431],[-48.280844,-5.731238],[-48.183669,-5.572521],[-48.325083,-5.493378],[-48.363473,-5.417131],[-48.50071,-5.427425],[-48.719858,-5.373269],[-48.691821,-5.311294],[-48.56812,-5.272496],[-48.358092,-5.170768],[-48.178105,-5.260407],[-47.980939,-5.236449],[-47.843325,-5.37584],[-47.563719,-5.462767],[-47.492805,-5.719911],[-47.438318,-6.01242],[-47.40895,-6.331601],[-47.428816,-6.499841],[-47.495675,-6.70298],[-47.529477,-6.976146],[-47.674751,-7.147328],[-47.673935,-7.259393],[-47.482544,-7.321861],[-47.528792,-7.432511],[-47.466688,-7.528405],[-47.415517,-7.56283],[-47.386157,-7.632511],[-47.371696,-7.620928],[-47.330554,-7.67368],[-47.313646,-7.706052],[-47.282022,-7.734558],[-47.255243,-7.758869],[-47.246635,-7.800534],[-47.229241,-7.816262],[-47.20285,-7.839726],[-47.186721,-7.857391],[-47.142368,-7.894444],[-47.111648,-7.945288],[-47.106265,-7.968933],[-47.058584,-8.027448],[-47.016233,-8.058206],[-46.962388,-8.039094],[-46.921327,-7.992481],[-46.868982,-7.956022],[-46.835385,-7.960351],[-46.788799,-7.94672],[-46.755745,-7.921972],[-46.708026,-7.909536],[-46.640335,-7.90614],[-46.571885,-7.914055],[-46.48544,-8.003222],[-46.488743,-8.09733],[-46.505381,-8.228388],[-46.584963,-8.325511],[-46.706383,-8.351137],[-46.786225,-8.381842],[-46.801548,-8.443608],[-46.850575,-8.503321],[-46.857861,-8.551139],[-46.888823,-8.576047],[-46.909356,-8.59819],[-46.906826,-8.619316],[-46.895266,-8.659344],[-46.922132,-8.727277],[-46.906132,-8.796156],[-46.917885,-8.843279],[-46.985968,-8.898327],[-47.010824,-8.946205],[-47.033844,-8.980878],[-47.032958,-8.982325]]]]}},{"type":"Feature","properties":{"uf":"DF","nome":"Distrito Federal"},"geometry":{"type":"MultiPolygon","coordinates":[[[[-47.308609,-16.035491],[-47.814354,-16.050207],[-48.272404,-16.008024],[-48.262971,-15.929932],[-48.277647,-15.873659],[-48.22564,-15.77089],[-48.209195,-15.621798],[-47.461414,-15.500078],[-47.374145,-15.577877],[-47.326153,-15.648359],[-47.317152,-15.724978],[-47.329402,-15.779013],[-47.353425,-15.821788],[-47.369231,-15.864692],[-47.360342,-15.931247],[-47.373215,-15.966467],[-47.347346,-16.005561],[-47.323555,-16.02856],[-47.308609,-16.035491]]]]}}]}